zhdh,black_flag
B6751CD225DD4886,0
8265CA869E4AFF16,0
06DD2A17463919FC,0
F36469EA4C5BD7FC,0
A18F7ACD7A3853D1,0
7036B44261E7841A,0
573DE2509D149FC4,0
5ED6F1C4DAA31127,1
078AB053815DCC53,0
9888BF978F02C446,0
2F2299578B15A8D5,0
0C919B193F73EB1E,0
CEDE593264B7ADC7,0
AA58D89E1641B87B,0
4584764F7EB3C565,0
1F811970975D0764,0
D30CACB1A50486D6,0
5B1141B01C814C59,0
06005A95C8AF88C9,1
109333CA4A832F66,0
924D9CAE39EB10C5,0
EBC6A6C2353A234E,1
4CB3601885486993,0
DCC11D6855A81905,0
4832DDC59992C0D5,0
104C50C046369BEE,0
F5EAF57EBF93103B,0
FAAA148E5500BC0C,0
B24077DD82D0B756,0
3390157AF4E736AD,0
97A5B164A746A6CC,0
F16555844FA272BD,0
9784AC10C6DFF101,0
06B06BAAA97FB2B4,0
31FD29C816FB3EA8,0
B2FE8F9743F91327,0
416AD0FAC41525AA,0
EA698865DB3B554A,0
EDD4E78F60BE8C5E,0
B2E8C885F91D58B5,0
70218165EBA6D577,0
D51B725235687A92,1
9161906B24CDD96A,0
F946490B0C45C9EE,0
6B71C03F722CD543,0
250C719F36ACAD86,0
1CBAF30957CF2FD3,0
17FE7AF5254423B5,0
E390476B5EC4C4B9,1
207DC8AD3BD84932,0
E521D996345A1614,0
C8743830D99ED358,0
AC50C27BFF140A7A,0
EFF561C33B61AC53,0
4CD9EBEDFEE10AFD,0
9F51CF705EE68C2B,0
DD1822F20977DAED,0
E6F7C8B5530CB8C2,0
E7FB41ED25FDCF6F,0
E8F71D9037A4D817,0
FC58DCF52D57367E,0
6A2EFB0449C8239F,0
4DEC6D3C65B68BA4,1
B379E32EB6DDAE3D,0
1121571F53736EA7,0
5651CD6E371EF6C9,0
2AF1BA107BC57778,0
4291BB00913E7B19,0
C74582847470D39C,1
92AB350DB70FC139,0
8B7A44CAD7938E39,0
3D94C25FB4DE29C4,0
57205104AEC80813,0
93F9929B364D422B,1
47FFBC3497D634BF,0
D0DBE3059F8601BC,0
32E8D6C1D060BD68,0
43F56066177A8F8D,0
243F8FE530F365ED,0
9F8333D108E7EDC5,0
2BCF1C03B23F5537,1
278173AFA97D1EDB,0
99D76CDFFD84D78B,0
815DE6306B54EF0B,0
BFBB835DC7ACBCBC,0
1CF71825BA8A182D,0
9271988CB9915D7C,0
57A1175D80AA6973,0
15FFA173A0733613,0
D6494EB8CA4E33C9,0
8B584C7EFD2EC4C3,1
337930F1F94259B8,1
CE7C7C092D192909,1
1834110ABB766304,1
D259AA4DD5BE44C4,0
CA9D67C460192D5F,0
7F7953F9624B6512,0
D0F324ABF0B76DD9,0
32ACD96BFC9FACBB,1
4F9CA649A8674A4C,1
D6D2959816E23435,1
C4D8579CF0FDAD22,0
46AFCFC141A70889,0
F62E3106E490684B,1
105CEFD969BFAB47,0
D98755E68A19BDCF,0
08E6546BE416C974,0
A0DC9CC75363700B,1
A8FD007DA04BCC89,0
8E761EEA931B11E2,0
8AD40FD68727AFE9,1
BA94D8252C227CCD,0
8760CE69A449E1E4,0
AB968F0C19B4E2D3,1
DC11113285EC107B,0
F414D162431A05F0,0
CDF20167DAF0FC6C,0
1347147B1686C1D8,0
5F00E3A549B44C50,0
6DFA81014FB269A4,1
EFE731FAA665082E,0
FFC065BECA5E133C,0
96634576C5FE5E85,0
660E5293E058834C,0
340BD1B9DAFE81DE,1
C52C87E504BA1C43,0
35402D563009782B,1
B0B7E263007DF4D6,0
D376C1098E93F5D3,0
E88213F9C36C2181,1
3E8EE82DEBA19145,0
E7EFDFB6814DAD40,0
BB704773416F7D76,0
140CEE0A8FAB0944,0
6F54C23201AFBCB6,1
1DEF533BDB24CCA6,0
4C934B286C7D772C,0
5E1A3139406DF823,1
9CF9C40BB40D8944,1
418CF1F276B025D3,1
FB141D01F406D62B,1
624429B6FBC5D514,0
10F94627DE975E73,1
5013A3F7C5C546E7,1
D456E5D682A0E23C,0
9B4020206E00B87F,1
A06F9C4F6346C75C,1
0D97C480DE1EC883,1
D33DB59CEAAAFCEC,0
81B204C4C36EEE94,0
8457CA3E9589D874,0
CEFFFB5E0F480E4F,0
A3C490D6D0253778,0
14E52F311C468ABB,0
7A351DBB7BD6727E,0
8E6D02E30A6391D6,0
768EA1022C1633CB,1
03E230E59375A0FC,0
D87773A4E31C6ACA,0
8EEC61F0733FEC8A,0
1A4F374AC5CC7AB1,0
BE84787D9F6352EB,0
73DB9B51DBBE0D3F,0
FA1447DA12D0C5DC,0
771C459962580C86,0
4AFE26988ADC5AB5,0
AC108E24CCC1ACA7,1
BE62D6BD15B73179,0
A6365CC65FFEFB35,0
46E41C77D7D056E4,0
38153EE47737BDC6,1
1D1D66C6DEC0F273,0
1B7C4533A962E33C,0
639F8ECDFDB16910,0
9020B82D9E856C8E,1
2B09A3388BEC1E44,0
6454AFF0C304EEC3,0
B91810E11DC3EA00,1
87A8EF981E9CE417,0
E9494D52846CB365,1
86005F58DA9478E3,0
4B471C9EE1E4A82A,0
E31F5999A0552656,0
B4AA28E925692425,0
3809469A9513D161,0
850D2D3EE08E1B6F,1
3EC731DA19926E7A,0
9E8F0C762C4E316A,0
81EEF7B7759FBE83,0
584131936EECAD15,0
94FD579CB1732D40,0
5CE2EA023B10509D,0
819BD17A42B03E28,0
5B01193E2D515A8F,1
8A53DEAAEC563C0A,1
CAF23B7ACD1311D7,0
47D51B539637CB1E,0
20ADECF1197F8AE6,0
26DC77A01409372F,1
F88779A1A58A972D,1
7FA9C06CCF600982,0
C44D577DC339C9DE,0
CFDF80DC726C719B,0
2FA103EE1E0E81B7,0
3B41F4599E743946,0
4FC3BEB6E45794DE,0
AA503D04AB7893C0,1
A6333CA0AD250AD8,0
2EFB6B9A0EED636B,1
9E628C8AB44821B7,0
A62A75F094148AD5,1
1DA3B526F2B92558,0
2BDADC90BC5683CE,1
1883186CE085408F,1
9163E53AD6E85312,1
6EF53CC68A8F4D82,0
C4A7177B7EE3A6FD,1
E94240C729E94815,0
7C28D1F243462329,0
8FAC85A13AAC412A,0
493843D1ADC89F81,0
E0D52B71AFF1C018,0
308849C8FF6062FB,0
CA2CF3581326E272,0
9A325265256D05AE,0
923B9E2C045A453E,0
96862A40063BE17C,0
594E6628E39B2BD3,0
1A68C5AE9EA774F5,0
FDEEEE80BD5F934A,0
4F9D3737A7A8DBCE,0
B79A3921D5C76FA9,0
F491258671655B96,0
75BCA379A6AAA2C2,0
4A71721048A53FA6,0
06087E45519AE137,0
BE95032044B32EE6,0
B52165F49045F66C,0
441B89FD1FE8F309,0
2737EBD3BEF39504,0
431D3E7C4948CB37,0
1C688B6E03B2911B,0
5560A9219AD74082,0
929E1293CFC147AC,0
DFACD325B3C4039B,0
D490371C517BDCBD,0
8E4AD6251461495A,0
CF54C943241BDE0D,0
79F4B60C91CA5E4B,0
4509178A56EDEA9C,0
78C838D2C9289CED,0
86C379D938234BAA,0
61EEDBE85B83736C,0
9D3EE1035796C676,0
5C582E6CC296B853,0
3AC95B1F4A824C56,0
AF0F931A59B2A3B3,0
5273170FCD2E9865,0
60457F4D8A730E4C,0
C969B7E03B49E417,0
0E681CDB87300566,0
BD0C579D269AEFB5,0
E68CA7DF1571005E,0
07D984546E0C1548,0
F5D7ED059DEFBFA9,0
EDCA2D476A26C893,0
E79072156D1E4680,0
2EB82E80ADAC46AF,0
687B3987737715A9,0
C31A733E016264F0,0
70FFE8DDEA93ADBA,0
7B1C39FB8BEB3EBF,0
D0BB8A7E3B05D75D,0
D52D6D14802C4EBE,0
C171233853C1FD73,0
21F5A6AFE0CB1B08,0
8562DF6FB0C14183,0
449D233A9FA110A3,0
DD67E436F6D1F07E,0
8EEE561299B8AB9B,0
FD7D5B6163CFB4FF,0
EBEE690C030CDB6D,0
C282ACE7800206E5,0
D33136346535AD77,0
4EA8AAD4B8D33753,0
F2756DCB4C4E6E18,0
EB949BC010E23F91,0
0D84DA7C22AA68A5,0
E30C49C75609B04E,1
26ECCC0BFB0E867E,0
804F1CC4F9CA2578,0
BC23DBEDF7A42290,0
BDEC9C4EF8273B00,0
2B61E9D1C8B7806C,0
195579210711338E,0
F4A31BFE25F2FCD7,0
FC339D5FADA4F358,0
80982DEE4EEF51C5,0
EBA919E326C2A104,0
5155C775BB2F2732,0
7E7EF3F5069FDA0B,0
417EBAAB70432151,0
F7DF53AA2178EE1C,0
8CA4BA114BCC76E9,0
E94A1E042666FDF7,0
142A0737B1617B65,0
05BE414D8F98DCD1,0
89E113C378EF13C7,0
DF2830C9A10FA548,0
B5B2E9ECE5EFC4CD,0
3E3F1AD37F2EBBB7,0
F6FF882E947E7F8E,0
E1D6786A491FD664,0
5C03936D421FB163,0
930BC8C04D881A36,0
7E66A5A8FE76DFBF,0
7741468C92578BF4,1
689605B8FA3F0984,0
903C5207CE79025A,0
C12B87D1B32A076D,0
FD13FF6349B67F27,0
1FB742AD3B622ECC,0
D1534DACD995F1EE,0
F4D3CA0DE7A57EB9,0
E9986E8D86BEAB63,0
A38B378F8860462D,0
906B2706C752456A,0
6E7C483E02B2AE01,0
1B434818D7883139,0
ADA3A8941328E434,0
361F43728C7144DB,0
345A8BE4ADA89E10,0
A1C607FFE06D1917,0
6CB99D721E693D72,0
56C4374FC2BB24D1,0
07C4DA6B0A2DFFF6,0
2C37F7C55553F87D,0
23373DA7FB769D43,0
F4D327617745DFAD,0
3EFFB697B56936C7,0
C7EBA789FEF31550,0
7A1EE330429119DC,0
7C5A3B1866DE0FA0,0
5740183C70E90886,0
D986C63CCC2D58DC,0
DE15FD213069F7E2,1
004FF0788849679D,0
D8E9659939192F18,0
2C7AE5968A48AC55,0
9BF71FA664057653,0
239201E5F4DBCDE3,0
FC191D48B8929E44,0
84AF9EEAE54F9E90,0
3AC4FC369F666505,0
D3A4E0B954B31CF9,0
AFA405620A47A5E0,0
C9D44AE1B48DCC44,0
BF0F74EA941E1AEE,0
DBD15DEBFA31A653,0
FE111921DF5E0B93,0
0431128381768A1C,0
FE1360A50E4E32AE,0
C196777F5F9C8DAD,0
0392671EDFBB6693,0
30B21B32C53006BB,0
B83B6281BA8C9525,0
501E1FFAAA785D4D,0
A1217F96388B438F,0
322FEEDAE70DB7EE,0
8640CE7EA0E7DD78,0
4E5BB8234F5EB0EF,0
72B7489E7972E05E,0
876DD0708DE5931C,0
6AEB7981943E0311,0
C972DE0ACD1058D6,0
83D08CFDECCA0B88,0
7659FB5B2133E551,0
7CC847E63796D8AB,0
310B1DD88348F3C4,0
D926B738862F2CD6,0
CF372C862C89223B,0
C8F4CABFDD3B8101,1
DA8DA999D0E3F652,0
B5FB99662370A245,0
56692E6D09B8701B,0
D7BCC8EAB68BAE55,0
FD7529ADBFB5546F,0
C0DC85B895477660,0
56DFB2B8D7C29AE0,0
D057762F7B7094F4,0
0DDC9AF1829510E9,0
5A0517A5FC9F80A7,0
58C810F088D1866F,0
F7A7BB3E908A7438,0
C7BC599A5B7B13CB,0
2D0686A6D2897BE3,0
64EB6F668763C690,0
93874471A895D9EF,0
5F9492AD32D2690A,0
238375FE20832E02,0
3ADBEC8ACAA889A3,0
CD12437D12C7DAC6,0
B128C32915772958,0
9D1775794B29D49A,0
030FF90556461B0F,0
306914F465301DA6,0
868460ED6852383D,0
B019C644F3541EDC,0
28129091DB1BB217,0
C5E9E080FF0C936C,0
38FDF220C4A03091,0
5675AD4B3279EF16,0
6A06B00F95048982,0
9E89325C13429F99,0
96A517A81799D8C2,0
2033D2B48B2A5FC8,0
AFCDF3D084B5255E,0
02DB9ACE82EDD357,0
4A5F9B676F210F47,0
27107A1876C9080D,0
A14F55B087B71E0E,0
FB3BFC613E86179F,0
925D421D1AB1B844,0
C9CFF5A27BF33EDA,0
8FD66B6FBF63A415,0
9EF98CB62F4A1801,0
3F4C3AF23A5B696C,1
BFED14D6DA2E865A,0
DFE89B89F043E507,0
498AEDB03C7F5BC0,0
EC8A08DD5ED0DC82,0
175D686D699FA416,0
251799B65D03F21A,0
B45CBD9B095B15B0,0
7B274814D11E236E,0
07A5DB0EF3152D29,1
38A1647377F8B77D,0
C7DCB6A0DE4C1BC5,0
8ED0461C82335AD0,0
471BC5ED783A826A,0
824399E5A568295F,0
919546D9115535E3,0
A7372760781C10CB,0
CE00A0CF484BE6AF,0
0319F35A2D2A2A78,0
0B416A1B8A00C28C,0
44EDAFF096CC4451,0
B26325630478BA5A,0
9D461D0F36BD367C,0
5089A19560666D9D,0
25EE9761D98B84AF,0
CC67CE551C195A4E,0
55619ED61CF8F2F3,0
F6CFDF4B02727718,0
1D0F34FE14DB7D16,0
AE0CC5D29A564CB2,0
8866B71BCE4250A4,0
23C2C654BC574B58,0
61F635CEB6BC19A8,0
C10E7BEB7B49BB15,0
1E4BDDB919341D25,0
9E6F8C50E552DA75,0
1CBB62BF98A6AFA5,0
704C337ECA9CD30F,0
DF0392225E66D4AB,0
3490DFF4B0531BA2,0
3921A835F49C75F5,0
E6F7142B297BCD08,1
21B4703CB82AD7F5,0
01FC6621925CE7BA,0
F89A62413B00FE9B,1
0A70101D3AF54F29,0
58E976A67C41B7C6,0
55CD88B9273D8280,0
4A001BBD105C18FB,0
82E008825CC99108,0
6C89CADCAA0B5C67,0
225A84D1901012B7,0
CDD573DB983DCD0F,0
4AD3B13D3087664D,0
D0C1647887FE69F8,1
80A2EF3D2B846021,0
8D55A377F98D0882,0
92CF9BD9884A185D,0
A7ED6751174B14D6,0
E8B78F2E164EA702,0
38A969BE6B76556C,1
58559E90606634A0,0
AC920A9A7D00A1F9,0
65D4BD7F63427CB4,0
A8EFD2D1D2BD53AD,0
396E96A641B6BF17,0
101D0C5B490114BA,0
33F3D7CFDFF4AA7F,0
E6677702BD2FCC4F,0
3B2A433333676B9B,0
F40601727007DDFE,0
64921573AD5D2D1E,0
13E0765F992301A8,0
D06D55B97F1A8278,0
BF3C77D998DB6F3A,0
374BAF62BD456C1E,0
BDB7C6FFCC0975D2,0
1134E21E3163786C,0
BE44F4C100554B4F,0
A3A5C66607CAD531,0
10D3F2429461AC78,0
53C30DFAC24B5205,0
195CCECA8111EE57,0
6331F81213EDFCE8,0
82ABD771027A2AD2,0
B43D19C661995AA2,0
F605FC6A47FB4B0E,0
FB57D4C0951B963D,0
E58F808BE4A76174,0
337EA4A0C6212FAC,0
150F181751366975,0
CB35756396EA54AA,0
E48A74FE6A0C4CB1,0
96858CFD5EECF9CC,0
51E275A1CE5187F0,0
20B93E6218C69078,0
D2DA22161D887713,0
3C0D0B8422C84E33,0
600AE72C6B03B377,0
4FB8715764F7C8A7,0
8A6939ADECC50A43,1
FE0C0ACE531DE110,0
58F37ED3724DE024,0
0196043DCEACB3E0,0
722C7806C6C4648D,0
1DFB2405C09BA99C,0
4C65F814FDFD3140,0
ED479F2AB835B077,0
CD1D25B9967B04B6,0
373E96A522FE5147,0
675B48217FBCAD33,0
887CCDF1544BF364,0
116FE3F7FB6F1925,0
2795A68682FDEB76,0
AB33BA043E3A253D,0
7FDEFA0EB0FF2724,0
C6F2FD4BD98AFAE8,0
9B6B254010D48FCF,0
737339FC7F8365F2,0
DBCC6F8FA4E5400C,0
821B746BD2BF0BD6,0
48C409A15A5E062B,0
3267136155CA2D53,0
0C1FC5EBFEE8A814,0
F1136EE9E16184B6,0
8DA92859BAFAFC8F,0
1C4AB3FFE1379538,0
D0A3292B7E73E350,0
0723D7B2DAA58E79,0
E3D94A9EB617181B,0
E6A4C55D758B641B,0
A50E00841E5F23AC,0
B02F7D59220CC81F,1
08318A0E161EB613,0
322CD6D42D4D223E,0
9702ABC6179322ED,0
8E8115072B5A6687,0
72FE3B08A7F78EF3,0
F0CDA569BC2F864A,0
BA9FAE05CE9F2A06,0
0CFB56430AA506DB,0
5ADEE411E3A1CC73,0
2A6039BC84B77C30,0
3C0054E5B2C74BBC,0
E360799E9D1DEDC8,0
87EA13BFC58FB857,0
40E7D454EB8969AC,1
BC7C9B9E85166099,0
A17B69D68E37F864,0
47D69F340769DB1F,0
006EFAFEBBDCCF58,0
664C5185E8CC13C2,0
52856F2387E8E8E1,0
431247BFCE69799A,0
03828AE69D87E311,0
301E6D81421B3B91,0
F7DD87A34BA6CFF8,0
8C2ACDA6BDF56D1A,0
46905EC880A6FD9E,0
73B3EF2F5690B7AB,0
0C002674362B204D,0
D5698C6C9D0D5A68,0
C822BAB09F342DDE,0
FA2DC3D5C7D49390,0
3A53B69C6B5FD0DB,0
5EDC9E234B4DE4F1,0
D8A1D03E44EEB8D5,0
D45ADD26B61891F2,0
7C271726312B7443,0
62ED2C1ADB630720,0
486A5555B7ABFD37,0
E30C37DC9C421FC9,0
4E574172560DB722,0
A6761F9A6A7A2581,1
4EAF7E9CA2EF4F39,0
EAA754EE27D3A6E4,0
D60B006C7DCC1FB3,1
85F623AC85CFBF45,0
1AA9650EE812B4EB,0
4C69947D6ECB035B,0
D1DCBDB100CB0DDF,0
181C7179989294BD,0
8318EC2692BCC02E,0
A0B8839AAAD56FC4,0
489440A928E8682F,0
4A53394F7075A1E4,0
51F03770228F4AC8,0
7E630E1FD18352EE,0
F6FD3404C513C410,0
1F2C3B217F57EEAD,0
252FE1F76901F41C,0
1FE7CAA302B693FD,0
CB01D3B2BF36460D,0
57267CC44D86A2CA,0
9A14751A95682998,0
7521D30491F402A6,0
14C5A3C6021C946C,0
4A546B8B12FA48B8,0
489524714F988F20,0
0D4771433F047991,0
DFCB6981FEA7F64B,0
DDF394282B1E1508,0
FA3B03268BA08299,0
B2740EF40C4569FF,0
9464DB3710791457,0
1A2F556FCA730132,0
F083B21C0BA38072,0
A1A5BE05E8B5513E,0
D17415A9C2633F2A,0
5C35BDB245D3200B,0
DBAACAC8C9686099,0
4E5BCC51F5A1C152,0
E8AB6AB0BE241BB8,0
8552C0645E7E1B3B,0
900056C65FA2F3F3,0
FCD790340345E207,0
1A00DFEB1F9A5D16,0
A5B3F9F7D0003A30,0
D2CAC48E73ABF052,0
06314EFC57A25C4E,0
AB37B9C0458A7903,0
F424CBE5CFCB14BF,0
8DA97893B74F4CD7,0
DF8E1EB51F6F7221,0
E78C4D158EF1BBC2,0
49F329639B8EA696,0
B3FA9D9F8796A46A,0
1D68636BBB29E228,0
A2E43A82C62E112F,0
BCB7FB0822B76A8B,0
DCD7AA788FD860C0,0
DDE03C9FB1818C09,0
F7B8270F967838FC,0
2421A6F548C4DFA5,0
71C53FC9B6ABA08D,0
16EAA949362142FD,0
9A026F69EC6F9615,0
3DF9D9F0B9C8B49A,0
E79651E81E367315,0
9BBAC3EB375D3972,0
1EB2F62A17BC8672,0
F6C41EA8A23F1594,0
C1966D880F8AA420,0
F32EA34BEE94000A,0
AA59EA6292157A2D,0
38D757A859A8D72A,0
EE0A1764CCA84B99,0
E410FDA06751FFC3,0
FD7A0E400EC6EF3E,0
AF2B133B3615EFBE,0
A96D26055592B095,0
399BE275B09C4EB2,0
1787B5833793F9AE,0
EAF865F40222F14B,0
C61B53AFA10FB9CC,0
16A0C46C829E0541,0
AA4BC57E4912BF9E,0
E7F661E77BAB8AA8,0
230D7876BF12F389,0
D112A6D9187C3E7B,0
0F62A20D2B2DA56F,0
CDD02783A248C0E9,0
629B0635E6C7C673,0
32CE82B6DBD955AF,0
DB176233C55819F3,0
CE4EB72D12C62BA3,0
92438D4B6FEFFFF8,0
DFB16997FB450844,0
47DE44320FC0E2A4,0
07450B87017B6253,0
48A541F4AF11399C,0
6044B1F0FF2CD1C6,0
F263140B3394EF01,0
5993BD51F0C1C294,0
7AE85D9FB9BF7644,0
33C468736BF60A7B,0
C34C48B3C8D4AE89,0
0A6182EB589F44AB,0
145988F92DE63C09,0
FCAAA01AC497E5BC,0
97A26C8FC997B09E,0
F1C03E596A62C1CA,0
7A6ADF50C2BE8B15,0
987E8C8A3C8C9B23,0
E04C52FF232B2FB4,0
30B1759E9964C395,0
F0F5A994DC5EFB54,0
924103F509658FDC,0
161E8604A7C31D07,1
956BAD78C802B169,0
36822F946C9CA04C,0
6AAE7D6F38F1FEB7,0
8DE93E813DB0B3EC,1
CB1B7C581FA55202,0
AEF17F7D5F15B858,0
51EEA00D2DBB6CC6,1
C907D49930F1D849,0
37C632BE4261B586,0
DA4FEF7FAECA759F,0
A5D3B8CD007877DA,0
2403B8737404D032,0
C50550A9CD050524,1
A62DD3C4DE43FE80,1
782727DA16AC78B0,0
DDFA9DA90121982E,0
57A5D23431AA2495,0
3F078B4F90110D21,0
5C26116DBA39C1DC,0
2D82FD3011D039BB,0
A337CF7BC8D96091,0
13F68EB113E6F76D,0
23752C73721C0786,0
70141F65A60CE87B,0
7380B9D0D6D09200,0
5E4D07B83838EFFB,0
DE98830D8ED6BA13,0
BEE8735F8932AE50,0
97832B48A3CE53ED,1
5E5CDE18D7CDAACB,0
434467AABA735346,0
9B41F90ECB52FBD5,0
A3DC6938083152B9,0
E9FE5F8E7BD715E1,0
51EA6C65B5F96A07,0
AFE3EC2405EE458C,0
E89BAB3D6444D5A7,0
615E6C1D9A87F859,0
D468E2C9D23CAD16,0
FB7426D5858A1C88,0
DA0035FFFA9AB902,0
3F6B510F536CD46D,0
FC5BEE8FBF97075F,0
1B61A61318B18337,0
8F3C9F39B89AD654,0
EF4AE75FFCC93CAD,0
317428D61416F735,1
E5518AA55D174A54,0
1C8C34009ACF75A9,0
36E9700043B1A020,0
3A72F81ADC6F474E,0
80365E3D97C94C0A,0
35F42C249B074F21,0
85E7936A8BAFB81B,0
1D322D373BCF2939,0
AD68F3EE40866BAF,0
06824814A7864DCE,0
DF55E3938AC65897,0
FBA8115C76006E73,0
8AD7707BAFD588F4,0
0D142D77989DFF34,1
31057F439F3F984E,0
8F172B73B21B7DCD,1
F730487BC399DE84,0
F1982F779D445F38,0
B611F63AFF99E594,1
CC11C6218D69E1CD,0
8CD4F1A979D7DE84,0
572356871CCE2E9A,0
1C14972D0C00D60A,0
170CABE24862BDDD,0
6209B73FF31E8120,0
A25D208D06D58775,0
5312E2555AC6A58D,0
3D41EC7AD437CE9B,0
6DD09ECBE03A80BB,0
586EFD66D0047851,0
2F074152BFB7C45F,0
0227E2701CAA1361,0
A35C973FD680DE17,0
5F9B2166526022C6,0
C8C586EB003E27B6,0
9086F829F46899DF,1
8E6A7DC283732E2F,0
C622E7E051B7EA2F,0
E5A8295912A67318,0
3FE83C790D7FE2BE,1
141A4F9045C5F89F,0
668A0F305F3E7178,0
CA753F19ABF8DEA5,0
745CE2A246F3C724,0
CD21B644B214F34B,1
0484C495AEC5963E,1
4825B4130B63EF63,0
D42663C6A0EC0B6C,1
92C18321626B08C0,1
02CE9E2CB0D75B7E,1
C5C3238DF0A0C093,0
45CCDBB422449629,1
E66F609C8082BB0C,1
78E60E69CE895F15,1
9D6B7DBBFC66E81D,1
CF0FCC0E375FE064,0
57B0A382B780C4F8,1
33F45BF28D1194AF,0
BC75BBF32AA0B1AA,1
1F1A718E49CAB0BA,1
0CFD2A7279E62BB1,0
ABDA0E4DCD3852E9,1
CC38479EBEE3B8A7,1
3899C93D2DA1DF00,0
0199E50555869154,1
6C30A4D7D1DF211B,1
E47209DC960BDDB1,1
49CC0851234918BB,1
50A9C72471A9AA0E,0
529C0D67A5FF44EB,0
C02E052BD7E3A664,0
B082DC5E1E45136D,0
0D0D08CB1DE6A45E,1
3D0CAF692B0DBE31,1
446189DBBF6F06F7,1
C68AF8CBF8DD158C,1
5625C8DF44F61679,0
997DED969A377D40,1
8896C28613558935,0
D06096F2A002A183,0
0901C7CBB963C843,1
0B70B8E255C56801,0
4C80FC28E6974A9B,0
03B430869CC6C341,1
BCD4616E48BDA2AF,1
D1A92169017F834A,1
441730DC995B3A0C,1
25D04701275A56E2,1
3DE7BAC545EBB2DC,0
A52CE98748117F04,0
1DD01B63F83CD324,1
42F58F526E53B392,0
E3FF17F34471B86D,0
11661884259C02E9,1
6AD6604EE45DEE7C,1
8BC02117A54840DF,1
855C4BC1F6115757,0
92B9010B99DC304D,1
571E0B33613ABFE3,0
468F056A742A7CA3,1
B91D1F4E0CEBCC4D,1
ABA5B50454798C3A,1
6C41B61D20974707,1
A6F9358712F622CA,0
3FBA56559B0A29AE,0
D9F4C956596C4659,1
7CE4D56C0FF2880B,1
87476E355EFB273C,1
57240D6D20DC1885,1
4816DB987A964DC5,1
71EA7C9D82AA352B,1
0CEE915D0B299C4C,1
2DA8368DA5A80397,1
D31DD00E99D291A5,1
555A8CA9C2DAB1C6,0
7A74DF97BDD85B97,1
B1018CF623377434,0
AC50E8CFA76E25C1,0
9A6F0DDA5067763C,1
6E5F63B5599E3646,1
748B547D94344699,0
64CFDCF9FA6E438E,1
ADFEA32B22B88A7F,1
58B0C35FE33719F0,1
B1F2BE39D91FC43C,1
387305187FD087E6,1
3B2C47C97700B59D,1
E4690DCCE31806B7,1
AE17AF7815C92332,0
6E57AAA03CEEFD31,1
903158D9D44C327C,1
31CF3867F72F7631,1
B6371A0341774656,1
C911A1DA8F1A57F2,1
27D9860FE7C377D8,0
D23021D11FA78991,1
5427127372921616,0
C3D87128A8112E19,1
34A8D8508EE0D540,1
D90A1429E7046A0D,1
8AF59D38358BD62A,1
2A61369653920C3E,1
DEC063E290717D72,1
17BB1CFED4A43FE4,1
4828C94DA0FE9E99,1
15A49F3B4F4E6717,1
954C5B55013BA67A,1
ABDF56D0D2979A57,1
390F900476E57EA6,1
35CE97E5AB0918D9,1
15DAA73023C4DFED,1
673CFDCAF059D348,1
9EA09ED524F50881,0
9BE7F7A055F7A5E1,1
1ACBE0D5E967BBDB,1
0B279642A7F9AFC8,1
35B337BE1E09BE85,0
B4459DCC71F0F00A,1
C3A6E8AFE52F65A4,0
3FFB388F91244242,0
F047C77C6468BB5D,0
976CEA39568207DF,1
1D1919888313B466,1
FAD2E539643CBAC2,1
7D0F1D4861A65F62,1
29118B057202F3D8,1
7FE84383E0AE3903,1
9263BAFB1D5CDD6F,0
37031F69FD79CDD9,0
22A53C87851692C2,1
528FA88391C9AED7,1
2EB20794D43025BA,1
97B4C11DCAF5083B,1
6BBBD273FF25D8A1,0
382BF330B3CB4606,1
100E2BB9B5F922CD,0
AF53B5C254C30479,0
8EB19C40D2630ED6,0
B679105D5A617E21,1
36BD4BEB3E93DE91,0
39871F6F182F3F2E,1
5C106814FE1B484B,1
D0DE6B112EE5C768,0
64438A98573F88DA,1
FBCF9ED13C1DAA86,0
E15482CDC7EB0C9E,0
31B11542F7585C0C,1
363A942403A54AE9,1
94A7D393CD61DA84,1
C6E761C9327573DD,0
9F517456D5E1BC08,1
38BE77D16B6E24B8,1
345305C442434510,1
802FD8085E72B40B,1
552E1A8FCA6F8E4E,0
6201563EA720B0F2,1
B7D346FE68460544,0
C851542C26DBBE52,0
95825F84163E6D59,0
CF925EA0106BD7F3,0
8D8D840368A10642,0
35E5CC0538986F2E,0
6E1CE9BD97310D19,0
1725457947E6303B,0
809FA17B274D1E7E,0
78779E5D2D6F2F6F,0
80DC14B01260515F,0
DBAAAA7770DB99CE,0
6686CCDDEAF976CD,0
31B77327A427407C,0
F9E6BE3269DD684E,0
DE0E95E3BFDA7CEB,0
C1431FAF4DD7767E,0
7EFB3CBC2602C4D9,0
A6FFF98FF04756CB,0
585EFD18CF045F63,0
324BAF0780CE6015,0
9BEC775FD6CB3E02,0
4551FD2774FD7278,0
8391F6C3EF8FFE4B,0
4DD529A465062176,0
6B4D67139F0EFCA1,0
D73FA6D000BA4288,1
019CA263C417C923,1
6718B4D73343DE0B,1
CCF7A88CE2074DB8,0
1E1E5DCF37FB802A,0
251621807EA0AC3F,0
C917364502525BD4,0
F0597B02ADB78FC8,0
5F23B79C3B806173,0
EDD0B6C5E2DA35B1,0
13FD5A1F380EBD22,1
0C9F86F1C2B811FB,0
50F7BC9BD8870A69,0
AD9BE1399D63F57E,0
597EC00698494FD1,0
305F11D473321DE9,0
DC9516CD2DC4555F,0
87A22DCCDB61B957,0
FEB982A882674272,0
C968FA069D49670B,0
A7A4D7251190385E,0
026BC8231A92BC06,0
A8A44638F0C51811,0
AFD976B70326452E,0
C50708F2B9AEA607,0
56B5B894B7831F01,0
08B10F474607FFF4,0
083743FF00439667,0
5F9EA9006977442C,0
7ABF6CC85D9B670B,0
4C47AF27169CC066,0
F82BF023F3FE96C7,0
AB74B272DA34A47C,0
C5E76E64B13C3207,0
5A95CC260B7C418E,0
094CB82DE3D63A06,0
854EF2644F9E99A2,0
5CC7138714A4A316,0
52B3560C4FFAE7E0,1
EA784E1961F56368,0
D7C99A5157442022,0
EFE2C38A31CCA7FA,0
5DF43720955E492D,1
50E7E5006D77ACCF,0
B5DD29BEB8157288,0
E2034CFED1B200E1,0
EC61625B76EFB8A2,1
CEB5FA47B94F7F25,0
2A4764670A381F9B,0
B0D2F0141F8A1098,1
B25D380FDFE471B5,0
48C064A6A3EAC552,0
933989575A7B2601,0
183838D41ECC68DB,0
586D6E72FE7E6570,1
75E2077F8974E7C3,0
5EAF4BFA922B5314,0
07B9BD4D4601EEE4,0
D7C2834BEE194C54,0
51EF55DD729A698F,0
D8843C405CC6DF3F,0
E99DD4471912CE5E,0
096BA118A8087852,0
D82B1F85D3B5733D,0
C8A0C168B2E4FD5B,0
B4C9D4BB884EBF27,0
53B206FB94800B67,0
CF872C4A1ECC2F75,1
4F645C208372B1F3,1
4262C199EF3E58CE,0
0850F7D652D2AD34,0
3FFB6418BB661F8F,0
66E79DD8C195F259,0
4625FB3E5E19E863,0
67AA3EB9C89E0688,1
DB8B98C331B15D57,1
BD15B7B0B58CEA78,1
9AADBD0D0EC368B9,0
D151B82C70C896D7,0
B3C190C68AE5603E,1
0CED322C3D4A5AB4,1
445E2430C85BC969,0
89F1E40477BFAB99,0
9E6C1AEC40AB6D51,0
E13A9C61F286EDBA,1
27798F92036FDAC9,0
A1E0485A8E4132BA,0
D6B233081B7970EC,0
797DEF830EDF6933,0
6F3B8846FF009BE7,0
F40B509B4297FA2D,0
26ECF32F210450AF,0
DEA902E97F928D2E,0
1B031B95E67F78AB,1
2E3C42C719CD6161,1
7EA2A11C294F2168,0
AB0028F94694AAC6,0
FBE456C5A9C07C3E,0
26A604FAD3672B72,1
860C0B6F645A1435,0
B1720E31145835CF,0
B88C82851F458F3C,1
9C30D655F3A1B190,0
30B881DECFCE670F,0
810700F8C9BBD525,1
FC375391AFB6407C,0
79B745E1121EE575,1
2A3100E751E0AC37,0
DF46C5C6B430AAF4,0
EDB6A8C074BE9AEF,0
D2555FEC4CCE95C5,0
1DD6F30E03E0067B,0
5F4FC6A340EDFC9F,0
98652B02A6EAAC5A,0
A55F3B159D83F73F,0
3C73CC5F314C95E5,0
1C240943375884E2,0
BC3AEE1207252C39,1
4EE77DCC28AFB9B1,0
0C4AE266A357BD1F,0
BF35162391529446,0
7791F19B9DF24CFB,0
2CC443B057533E6F,0
A9AD06EC6271893B,0
8B2F3B6E8ADE1EF7,0
1B926053FA8AB182,0
3F54C4C1888CE14F,0
96B37D221CF459D9,0
634BD0209534E857,0
EE46D631DEC56500,1
418EC868FF663A8A,0
5C9E496AAD19F130,0
0FEDC5F4D7707849,0
BADE36FFE06474C3,0
CE4E878A176FE6EB,0
417AA82D65954B4B,0
4E72541A049BD0BC,0
F24FE84E23048279,0
C847C2BEA31EF06D,0
4C0EC9D1B92A8CB0,0
7A972635BCD92559,0
B6A6BE9D1115E234,0
FBA3813D098552F1,0
CDED620EA3D71628,0
B3EBF22F70A3394C,0
9820316ED83A6F9C,0
18703007985DA9EA,0
94963550D379BBD3,1
E8EB1812D4BBE85B,0
EBADE4BC12B1FF88,0
E4A9D916B55884B2,0
FE6998389A0034D0,0
039B5A567EE20D18,1
959949E8EBE8D9FF,0
D6EDE80D0FAAAC5B,0
FE4A813740BDF3B2,0
5F3C259E09F5F16D,0
E578E7BDB96DCF7E,0
50DE6D0C42C8D989,0
36E22FB234C9DB3F,0
CDD794395C5F2079,0
03C1AB5EC1817A0C,0
A7C9A6745D690A82,0
DA90D8744211E5AB,0
7098C1E3B7F307FC,0
AAEF485A23DB0BA2,0
549133221C41B31F,0
00E0DCA30452447D,0
EB7A78A9D2986022,0
B3DBDA33E139270E,0
181D15CA5E81F480,1
795B0DEC3F9FE3D0,0
8A989A673534CD2B,0
F8A723C00393DD1C,0
3E83AB547C16BB5A,0
3332624C240134B9,0
526951FEFB702847,0
1043707892BDEFA0,0
8412D3B1575D975B,0
875251E90D5FF61E,1
9DD978C7228C89A7,0
A4A82D7AF4BD4F6C,0
3A1D164497009071,0
58E3D8D55A654F4D,0
63168748AA13F309,0
0945BE586595F371,0
90A9F90D3CB25189,0
81FB41EFEC0117DB,0
2534C6A50DA4283F,0
8F5084CC2E83A0BF,1
226B91D50B09B6F4,0
BF93D26A810A171D,0
F332D5DF42958F3B,1
831E24C8C2BAAD38,0
721E29B70E9461BD,0
77614D77BA8C3B68,0
114DD6877C566B87,0
5CF4FFCF19EA0E86,0
9178AEE8CC1EBA4B,0
B4DA638138EFAC4B,0
B70B69D3C1C507C1,1
871AEC0517DAD2EF,0
BFAD2B8E144AE5FC,0
F9CFCBC4867DC230,0
5F04F47B24ECE62D,0
1F8B5A38320A6DD6,0
F1C5C811FE965DCC,0
EDB58E307BC23B5D,0
073838D7EF6ABFFF,0
6F2F0441BC166881,0
3DF44E76DCEECBF1,0
1D862C810DDB371D,1
B82AEB7CED0167AF,0
093A1520198BB537,0
F373417C2BB32CBC,0
9C37A38C837D0AA3,0
78E3903C7E6667ED,0
445D069B00296217,0
E8FD8174DE7EE23E,0
C5FFE9989396423B,0
AB235774CECD0EE1,0
11701509EEFA70CC,0
35BD4CAA6600F3D1,0
D9A33C72C3213FB9,0
6ACCA71CE06511D7,0
BAE2191153D33A91,0
AF930A9884E7C7EF,0
B65E0ABDAC9368A1,0
D10BA0218ACD39F3,0
6154BA85AC87C7F0,0
B710EABE350AA9C1,1
16A1E2B460551347,0
39AC93A5174D1B3C,0
A0EBA87E01DE7521,0
801E72E85D29528D,0
DF7477C3D7A8D105,0
A3D99B1E7978BFBE,0
DFC104F70632B5AF,0
C492DC19F4609FCA,0
760A40BB1AF958E3,0
19166DADB195D66B,0
B6BA683E21E676E0,0
DF399576CB8A8605,0
F3CD84C93B777054,0
863410FD76E11D82,0
54052151DF39EC79,0
F3A7D632A75759E7,0
1D8430B2CE59D11C,0
5E04CFEDA5A94EEB,0
6773ED586F98FFAA,0
6FFD04B4424542CD,0
639A46271ACC5BBE,0
A030AC52B67417B5,0
212E8B1007553239,0
1D0E483A3EBEA851,0
DFC7240143A90372,0
EBAA3ACC4921BA8D,0
C7F7077692111C15,0
C699C74C385E89EC,1
95D1A3EF5CD551BA,0
5717321A641762BC,0
DA881ED76BF740D7,0
24FB2215F0731340,0
6A43197EB5113648,0
1BCAE30654EFF671,0
893CC8D42C583C62,0
D73283F603A54EA7,0
9AB8EB4E186E7CC3,0
AF24C7D28CCEDD47,0
69F592CA2A9E3F2A,0
1BAE23DF74140C4F,0
7B73C07057164BF6,0
91A941F75D3CE022,0
E48DCD6753AC8C4F,0
3D35B7054813FC7A,0
649A64CBD38F852E,0
D2FBD7039B2B924A,0
599473D30C341F27,0
5F72A7F565300C0D,0
6C28CDD3059042D3,0
4B579EB66D7DD951,0
0DF70B2FF7ADC41E,0
D6903ED2A7BCF38B,0
06F6279DAF26A1DB,0
E89FB546A1E410AD,0
992D6F39B0881D59,0
13E48B52175968DD,0
6AEA08ADD9A2EC35,0
3415C8FA0E330250,0
4D8F8F17CAC51EBC,0
42A0A962FCB1625B,0
A8EA2094ACFB26D8,0
E454B0B4EE6E95F7,0
5A3273D8D581B988,0
3A7D80B4C363E29F,0
4371CCEF89728B22,0
B7496A13E675B269,0
97C3EC0911D0FA3D,0
7DA9B573235D01DC,0
333822ABF568FFDC,0
4EEE13F775ECF1F8,0
E2A61A87E3A16BF2,0
B1415A1D908A99FC,0
3E54BBA4E884C703,0
0DE726659515623D,0
5374303B7EBCA87C,0
0AEA7F4B4194DC42,0
BDAF0B757BCB5A3E,0
9FECD362F6370080,0
2AA5A1C14FC819FB,1
11C0A94D4A7003B1,0
EF71BC02ECB39D17,0
5045AF348B523E68,0
BDDEE5CCF0C1F0E7,1
7B10A71E7FA0EDFB,1
2F9F3721179A9D53,0
04B61A15565DF875,0
92E224DFCFAA738D,0
7A022D943B7117EA,0
7021DB097BEA4CA4,0
EF214BC70D0D55A6,0
FC5072C72AF2F384,0
F27F9DB376AD639F,0
A4B03A3A727401C6,0
BF40FF0E117E4CCC,0
5B1FF9C4C4D3869F,0
5AA091F5F5DE71A7,0
877FA11E7BE0684A,0
45A0EE0671EE4312,1
5AB4BEB2BBF65A5B,0
D32B72E9EC6FFA06,0
8F480EC02D00F399,0
AC9BA54D656DA260,0
3C3C2F0AB54C1E88,1
9BE693954E2447F9,0
E59D5C4980A55C27,1
D52D7113BAC15DDE,1
DB03BDA12763AA1C,0
95F30AC238C8A555,0
59BEBD590C180579,0
6C634A586ADC4E3E,0
88E867098C9CEA26,0
173E752BC46EB033,0
C144FF74E7A7EC98,0
8CD0C501E28770A7,0
EF19B0BD47540F7D,0
F1BCFC822C46F308,0
32F0B9DB14E225B0,0
DC852CA9A6C4351A,0
B800FC5BF53C7BF7,0
4DEA40CF785FA423,0
224C0911958817E1,1
F572978577619934,0
84F5720032E36157,0
3B3389DB1285B193,0
4BC21871E6D946DF,0
586CF02DE21E0037,1
D42340ED3D72D6E3,0
E20CFEA232F9EE82,0
0EB2A8662A2022F0,0
D20C1BBDABA15E65,1
D27BFE9661835B03,0
E746AEA2AE0EC6B5,0
FA5A80DB9BC6D98F,0
DE40AB79D3C80A10,0
5667819BBB3787E9,0
F462529A994FD72D,0
67AAA0E38D8295CE,0
CEBFEB91117B8FB5,0
3081DB5D7928659B,0
1FDCE54D645B5416,0
450E3AB455F83B65,0
73DD7D8F88294A8D,0
AE2C23AFBE81141D,0
6040283737E5806E,0
CA8F999463B023E2,0
C51B2A521611F24A,0
F4BDE009E262D450,0
5289E4C9DA5A3D59,0
6E1E3FCDB68BBD3C,0
4AC2CFD258C3A1DB,0
0FE0E5E9C473EF7F,0
C0F662A7F487DBD1,0
9098CA1333C1D264,0
46782BD96E9C779A,0
D52793B7C360EB84,0
53449AFDBD9DF6D7,0
82BC4B8FB174952A,1
F5086F2EB30A2332,0
0CD69F32B0EDCF89,0
696276C7899B018B,1
BD90E3C28E8C8610,1
6838CDCE3EAA8513,0
858C85630DF16157,0
21298804A33AEBEE,0
E233591E3EA158FA,0
2AB9F49915770436,0
3B57B215806BC413,0
0DE1406A95C8F62A,0
8750AACF73380F93,0
132F32B035D67E69,0
015470C66C936130,0
813551F3C92139E0,0
D84363FD21EADE7E,0
AC345B84515F3593,0
BD703BAEA962DCC8,0
279D56857F396427,0
A32833DB7CEC515E,0
0F16BDF2183345EB,1
EA5AA1F678DAF1D3,0
EDE98FF617D58B95,0
57AB30EC8B8A48BF,0
56B7C0FB9CE36E87,0
5BE1F4F854868DD5,0
73594CD1EC044456,0
294FC786FFC54161,0
DDE8562261E0DB07,0
4ED8BBD1EAE1635F,0
DF6EE24EA269B97D,0
46DA21F6566893EC,0
4EE0455E56C155D8,0
8ACE82A97DAA729A,0
145184A4D2EE2ED4,1
6D74F2B3E53F30D9,0
4E49EA79DC96DB4C,0
DC196F77766C63C3,0
5F4A084EAEA7F74D,0
7D003C81E71CF6D8,1
9CEDC003A6AA536D,0
388E7A92D1F8BFC2,0
FB3BADA0767AF19D,0
A6748A8E9DA20DB0,0
CB22FBCC6D6BDE54,0
E4300D10181CADE0,0
B1E691AD289FF2C7,0
CBC964BBBB2F4948,0
4FF1B6E9BCB22A7A,0
FAB9093EDF12B07F,0
528D0ADEBA510D9D,1
0A59FE8A8482AA13,0
8EA64C7D8F2685D6,0
25294AD21E2434A1,0
58EDE996167590CF,0
46DC610CAAB0C6EB,0
37D322EE478CE7D9,0
0E164358A5C54180,0
71A98A704A089A73,0
64031DE68DFC2953,0
575A37B5E6B5813C,1
CFC177DC4C742389,0
8366EDFA4DBC5713,0
D808514F8AEFE086,0
4245D3E9C9E3666D,0
F35B8CB20E9113C9,0
97D7A1418EC03D20,0
F08CAEBA88F314BC,0
7E515583AEFB99A9,0
57CA135640C09320,0
446B1CDC544F435D,1
51F266F206BD87E9,1
4A3F1E13B9D9337B,1
F33ACEE729E97742,0
5D0EABFC6C336DE0,0
EE9B4DBDFDB82950,1
B71C4B84B0EF8772,1
90459CC7716AE35C,1
8B1E6EC558AA91C9,0
809685C82246C6A9,1
E79E785C97951A74,1
5B057E9E8E02C3F6,1
635B1EC89F2D4C7E,1
6F5B474B5FEA7250,0
C2CAD7F8FBF3D813,0
C28643F3E592E508,0
E2E5E43EF83362BC,0
DDA66297BF68B9B6,0
14FD4EFEC5DBB0C2,0
A58C8BA584AE69E7,1
76EB735C39903D2F,1
75231E15AFA96EE4,0
A786A0FA808309F6,1
FC0172110B11B52C,0
BA6B98DE664F2B53,0
8265F03652559844,0
520E61AAF8BFB9CC,0
A3256E8A01A944B7,0
EE6989200D059C2F,0
068C42E1779DE558,0
A5F5BF851FA72D3E,1
321DCA24E8E3FC1B,0
A5ED455FDED9CE02,0
011F8A1AAA852DEB,0
20DD34CD18E0F3B8,0
ADEA4034BC360596,0
2FC3B87399B46B71,0
45F9CE57247FAB3E,0
7B059FA82D59DB5B,0
AD8A3CC7BBB18434,0
964C6E9453868C3F,0
5D0D45F565C642F1,0
6540D4D0E25B6AF0,0
D7BA8A3AC64060CA,0
EE7DC2D3D60448B0,0
979BD20FF2033705,0
5148872D2E75AFA7,0
30C6F8BEAB8DB521,0
6EE3D3BE95DF9DEC,0
D521501E816288F1,0
7BE5C9A329577378,1
C8B27E46D89B21A9,0
D7510C11B2013952,0
184B48313F925154,0
C2B81541D98BC89E,0
E0D8007575D5D856,0
ABEEF5F2E66A1762,0
D9E84D72D11B34E0,0
0E3F49059F6338A9,1
46638997C74C82CB,0
70308ABD1B80B10D,1
A1429D4FCC9DFA55,1
D85C0DD5290830CA,1
0AA201F958EE8AF1,1
F75D8D16FDD31D8B,1
4C403CF78D9A4AC6,1
593992C9C7048A16,1
DED92E599D6FC07D,0
2E798D1910F30B2E,0
5ADCFCF75436B82C,1
EECAF0EC481A91F0,1
7D6F0F5480F9B910,1
500B2B2E8D344D42,1
3CEB4E89646DF418,0
076BF4F8270BCC11,0
96CDFA0D3399B2DC,1
69EF57D318913337,1
19ADC7DCCCEC3795,1
C58D2B63B4AD23B3,0
023BFFA02215C3B7,1
CB41FE6FBA16DA1D,1
D791EE358B69BC59,0
4F5A2B1E0889EF9D,0
FDB8B833205F8F27,0
3643B63D59874980,0
6D0E7C3DF62089DD,0
5313EBE99B2473DC,0
BC3E9D87840890E3,0
3B511A74EB145109,0
295E81BAD9184860,0
A1CCAA2BEA7050DB,1
9722F155AFE48BED,0
DE8572116CD62DBD,0
5EFA98294E8A41F7,1
29DCAAAAAA11EDB1,1
47C95235D16D35D0,1
C621CA2F0DDDC034,0
638542027DE21944,0
B988A1F357C5E5AD,0
AF53AD5ED09B4B6A,0
194244FE6FA85DF1,1
C32C469A39E761E2,0
03CA8A128F31DFD7,0
7568980D896AF306,0
6792484DFA344A7F,1
4F6EA0605B921C69,0
6AB152CD4D8F1457,1
9D64D6D7C3E91F44,0
D8AC5E1752290E10,0
1635DE8B793BC416,1
921F26545445D6F6,1
7E96336C78891DA7,0
37551368DE588783,0
FCFFA4C6F864D809,0
A30B045768C4FF12,0
EAA1825F5924B72F,0
73CFDAB44F8C4336,0
48D6B871B3A6078D,0
AD39BD56988F1C32,1
021C2EF4206241EF,1
01334E96398278D0,0
25588335009C17C1,1
7C47F50081E484EA,0
101F344833993CFB,1
03A39B35A3EDB48E,0
1221886BE8ADB7B8,0
12F36EDA33573BD2,1
F2E63BB65115D2D0,0
D37A0C9DD0EF7C40,0
445F9A9810C9E2F2,1
04134F056987FF68,0
A0A518EC9F0A8268,1
5CBC73A2712806E9,1
FC6065F247D11D46,0
80E29C22DD15EA77,1
DC92C45105BF235F,0
FD23B91ADDD73254,0
74F684272CEC1C13,1
C97E2BA933FCABBF,1
48822BDBB1AB516C,0
205968D02059DD44,1
F82A870EB74B2A01,0
8CC8A508581CAE6A,1
94A1D8F1E8AD839D,0
98BCFF4D25BABE25,0
7CDDCBFA19BC4718,1
27C84C1C3126B3AE,1
35F678A89F9A88DA,0
AC61C15C64F17C12,0
6C16B89837E55BF7,0
22E10621B5AFAB49,0
9E5DF812528BC262,0
A5C60694FD575EF5,0
74BAC36E6FC36F6A,1
F641E67008DFB94E,0
8647DD7ADB336AD5,0
4C7F28C9815D1DE1,0
60F305CCAEE4E1AE,1
E1ABE66A5D840A80,0
60509BFBB70E6972,0
4FBD53A84F7440C6,1
8A34AD5C8B4BFC01,0
79E807396F20B214,1
5845B28236DB1490,0
416575344A615FF0,0
9FC1C066CF8CEF6D,0
78C17230F28B276F,1
8675484B60DEBB4D,0
B9F5C34D6F609235,0
11579327229B4402,0
D6ED403DDAEBFA07,0
96F92935935EB904,1
F3758C169280CFF5,0
A6CF12094EF79F0A,0
C41E68548C715E17,1
103BF267DC4462DE,1
E0DE80CE53CD84CB,0
FE673A96EDFCD4E5,0
FE73478273311DF7,1
E953EDC2C9B5E2EB,0
392C8E1CE874EFF3,0
FE3F92B36E5C7CDA,0
74206BC58187D807,0
CE0C3A7AF3C6911B,0
1B1D7AFF8D9EA7BC,0
538D3E69DA342334,0
7D06E9E7B97D4972,0
298B8D159D8CF3FA,0
70FFA2F75033EA7B,0
5ADCE9C6692749E5,0
11FFB77386708957,1
AF0DCF331FE74B1D,1
03A240B6092B237C,0
7578A3E3BC136210,0
65087051B9EDEE8A,0
DF1B34D4D3275977,0
2BD7C31814E50091,0
3D779D6BC28284BB,0
873FD404E5984AAA,0
BD1541AE384AD558,0
A687F284BC1FD307,0
CB2C0F8DD1F43A66,0
C59969F7D805E6C4,0
B8AA89F494ED5F65,1
2C37A723A9B2A2E1,0
EE7E8EDFD1DBA946,0
58520B78277428E0,0
347078222BEF6080,1
AB0F472C936694BF,0
C2857159FF35A91C,0
CBDEFDB18E669788,0
5FADA1EF8433276D,1
8B5601FA0FBC2094,0
72E39DAB23FBC5DE,0
E39D3698B3709F21,0
1F31483CFF72C46A,0
30F7CBFFEDEC3FFA,0
229965DDDAA3E4E4,0
DE71F827F37E6618,0
E0DA089051ABF695,0
F8B7C2BC400C31D7,0
91E9D9DEA3B36841,0
12A958075498041F,0
C61708B2F768DAC4,0
F696D848F5400B0D,0
F13F70A92AE4A0F4,0
EBCC4EE166E56003,0
1E65D58BC279D085,1
8FFB565CFC11D7A8,1
29F33C48A776D745,1
43F2A560DBDA655F,1
0280D377D50E6AAA,1
ADF442D02DB10830,0
4447CBEC35BB2205,1
9B377D6D15B091C0,0
6D0128E0185136DC,0
58E9B835CE833CBD,0
303D7F617B859EF8,0
BF6D62F8A12FCFA7,0
CA771C4D1BDE3FEE,1
74EC0C343D81AC46,0
B32602C2A08A5289,0
5B7FE1EEFCDDAE05,0
5F5F4C991F569459,0
F94216A3A674DE6D,1
297272B7D65A8D83,1
87FF3FED7B0B87F3,0
AB1C7539880B4C63,0
7FA7506117D4D23E,0
0B4F1FE316281CB1,0
D9ECDA24925C4D7C,0
28F1CB90ED6B672D,0
0E7705A043E07C4F,1
5484E9BA6E12EDED,1
8E32A707D682BC3D,0
C15AB001CB0677FC,0
A6069EB7956B66B1,1
78C9E9E9A5B2E86B,0
BCF4F95FCC32B00C,0
23D79982A4D3F138,0
3FA40897E693106A,1
C5A5A0664398865D,0
43081B2329138D7F,0
950FA38394F3D150,1
EFB2EF1FF4F663F6,0
F72A20553F37129A,1
5CDB3F89FE39580C,0
C5E65CB8D450B1F4,0
02DCF568DBD339CF,0
B9FC3AE6B1376214,1
D05DC9AB811FB680,0
541FABD868150DE5,0
1435EE4AB5FDA969,0
A3753C68E5E66D59,1
D5A0F139DCEA4531,1
2DD516C8A095FE70,0
43C388543EBA084B,0
44C912F1E6D03C1A,1
BC4AA24255400453,0
84741E82AE66B9B4,0
E7FC93532D70B53F,1
F9C30EFD5F83D9A0,1
1FA03B83DF142CB1,1
81B0DC0040900A8D,0
186568BDC3D387A6,0
5D8DCB3A928DF0B6,0
39C3B6E7E7B0F038,0
9E7CAA2107313674,0
DDEBA56822FC9A29,1
C209D02762C6FF9A,0
46037997119B09D3,1
4BA8A0FAA0CC378D,0
376E57B96298B7CB,1
DA6E9F71241E2A34,0
DDC8B69F81E122BF,0
64744BC963B0ACB4,1
0BB46FE17D4B85F8,1
387E92ADAE309595,0
50AFF3E23E4305E1,0
05123284BF5FDBA8,0
FEC10DB3CC2C072D,1
0BBBF2E6702B04C5,0
0D0573BB5090AEDC,0
48E5147A812A6E5C,0
DF6E398693AF1765,0
8148727E7A089ED7,0
A72C22FE2DB8F4E4,1
3C7BEBD1AAA408B9,0
5A4CB699BDD90230,0
7ADDE50348E4F18B,1
C572ACE95397254C,0
52831E602F74C8D6,0
F6C0998AA3747805,0
1B94013F610FC8ED,1
EBFC8E003152833D,0
E5941156287FCD13,0
7462991B41CCEDAC,0
B0985B4A101EC10D,0
C09FBFB71B7409AF,1
A622DC9F90B4B07A,0
49D2523DCF4CDF9F,0
8D8128C9AFF15E41,1
D686065EE001C8F2,0
8712DEE79BAE5383,0
9909EE2EB6221753,0
308637817AE40AD9,0
A14AA673D78948CE,0
E32FAC8C7C748DF7,0
A7FBAA7F443B01A4,1
E359261999FDFA43,0
F2C2F4F942A91FEF,0
FF591DE5385D5CF9,1
8010C3F4C5A0AE0B,0
86F3FDF2ED24606B,0
063013060813195D,0
B34BD4F75D196C64,0
DDDA638374DD0F8A,0
3428B7C0B9E0F8A4,0
4DBE8E85F90BF154,0
5DD615D615ED2AED,1
3D0878218CD17A5D,0
DEA4D5538329208E,0
746B8EBE5BE2119C,0
33A2055A8588E1C3,0
4FD51C229073E242,1
4DFC1F56C7921614,0
3ADED3F5E3211005,0
37B3FAC73BBBDD28,0
A8DB4E40BFEA4FF5,0
9C58B512C302B9FA,0
BA8FD1584F5ACA57,0
AD05800236DDABFB,0
1A465CF0A6C9A3FD,0
BCB4937BC9BA1DFD,0
2FA710487CDC1197,0
D0E9B94ACDF90C90,0
EA752832AA73BC55,0
1E4B2AE829FD18F1,1
0CA54D6D54E10680,1
6A38DD34DA529A6E,0
43D6557C5FC73B81,0
EAEC2940849FD44B,0
FCBFE7CA9B73E208,0
9D78F1253F741DB6,1
C976334D0967BEF7,1
9D8C11678A56826D,1
FBDAD8C3DD31678D,0
85007A94E4301465,0
4DC051EBA9414566,0
52AC2CAB041A93F1,0
FBF64B27CC4BA97E,0
6185948115E312DD,0
C99DEF072723FEB8,0
C51F9C86C5CDF236,0
A7C996E4DD726485,0
55EF3CB5D2674B73,0
556CD5DB6C45CA89,0
D7BFFDC1B8B49C6B,1
6C13D745C668B7E0,0
E7C0E8E50649C847,1
6FB817B9C0B1EE26,0
0F71A59F9CC86A8C,0
1757526983027BB9,0
38F217BFC019B798,0
89E37AF56292F4C4,0
5D8FB574CD632264,0
DF1F857341EB0BE5,0
5682EEE53D5C17E4,0
834049E5D7D61468,0
7C26DDE08D0795F5,0
6AD39A7D05349A18,1
23591BCE2AEE8B49,0
437A34A534A4F61B,0
0065E0EC09A64440,0
9C0901F4D09F5EB7,0
7B2784E58E2C62EF,0
FC437FF24CA087E0,0
CEE26EB1757C4F3C,0
34D86AEE6D802157,1
2C7B69B1EB4B6769,0
DBD9AD7A51D0F03F,0
975AE6F2A869110C,0
81E2E2708916FB49,0
CB92BBBFE25FAD3C,0
9979EFD9DBEB56FF,0
B7060F427147F950,0
0B1D9280724DC663,1
3354F3704B5788C9,0
8832AAF9E3B90296,0
5E626446CC8C3A62,0
406851FFC10556A4,0
16ED29B2F5B75722,0
C9BD3DFCFD87EA59,0
821E423E200E4440,0
7FA5906FE0FAE12C,0
5B18CE5C1F64911A,0
116A024D1F5EA0C6,0
FE5119995426F8C4,0
F6165DA09F81B29E,0
0BBB699FC9BB611C,0
217BAE25CAF3AE1B,0
88E45EE6C2086639,1
3274B29C0DFC2E67,0
0B12BF01A1D0E99D,0
14E39F74F3D80210,0
5D5B7CAEFE3F83B6,0
2856DD3675E303D1,1
84E17B12469334A7,0
AC0D5AD63C667CA6,1
31A8DF73687C20DD,1
F19B48A8C19D22A2,0
73C705EF3B36EE26,0
5CA251CFC8F82A43,0
D9A9DB8AC4A3CD4B,1
CF50871427DFA786,0
79CEDD5D35160B4E,0
203DAF5DAF7A5C03,0
030FABD1A5607CEC,1
6CCDEBDDC300AA85,0
320248F29AE5358A,0
E523E9194765C619,0
DC23B7963AC41F7D,1
12014611A88E7316,1
87AA14ABDC0472A6,1
327483B8EFD34847,0
E0623515416E7471,0
80D378167DC5BC04,0
D0EB2C7B1540CAD4,0
FED8CD09B748618A,0
D9846DF60F77A289,0
2E5DBB5B411BF342,0
59C108E40A673028,0
C4ABA9101AA95924,0
F542C8CA303C0ADC,0
C8AAEC75BF2E0D15,0
2890DC010BAABBC9,0
7A21C39F8F0116E8,0
AB454EB52339BDC6,0
20D53A075174BA6C,1
182C33424598951F,0
01CB38B99A1491C3,0
530F292395DCA079,0
40CF1ACE7F314A66,0
EE2A7424DA8E6391,0
573A43927174ACCA,0
A3B1ABF0929FC90A,0
41D5FD5F5C2C86EA,0
A5783ECE81650E7B,1
D72BAB60ABF86DBB,1
6F907CA904D836AB,0
5CD02E868F4A356A,0
2255FAF1E30FF07D,0
7A17506410C26563,0
327D37899CD5D330,1
7AFA7E132B955510,0
B454A3E3FEAF489B,0
7A4B271065B37F0C,0
B1DD4C828D80F082,0
DA80AF23E5A3198E,0
83A1EFC9E980D5BA,0
397F7A3619B0809F,0
5DAEC2BD0F4F462B,0
D8E714E377ECEE3B,1
E83963884FA120DD,0
12132177AB22B854,1
598A333FEF59139B,0
6761EFCED2B5B692,0
DA587C65688237EE,0
0BDCBCF9C2AE1FBC,0
2B5763B9AF7154CE,0
EF276201F9A302E3,0
0434251E5DE4BF1A,0
190C772B8C28FBD4,0
DC33A87D02BB883D,0
491B28FBCC06F9B0,1
C022F5D9B4BF7610,0
208E001FE5FE1C81,0
64126D539462FD7A,0
217140405CCCC62A,0
06A96DD63D301E58,1
12617F06A307FF4B,0
09B5E3A661770AF1,0
63A9209FE6510ED6,0
1BA6C0CAF9705B0C,1
B46332DC97C14475,0
BF1380E01DA2C2F9,0
6083AEB1B4BB8BC8,0
DECBE02E6974E8BC,1
7773961A99373939,0
194D11142BDDC117,0
860D342877AFD499,0
DEFF6241E055190E,1
E721EB1FD479598C,0
1B5C8D83CD40AB0F,0
0AD31DA1069EE421,0
761921B091F1466F,0
760AB74F307A2DA8,1
A9E60579357C813C,1
391288A7AFAD0AA5,0
A0388EBACBFAD1AA,1
2C99B84CF3AAF710,0
3A87C37182423F6B,1
7417E3F69F4D5E89,0
BDD7312B8BF82453,0
94867841149E5FEE,0
D48C3760F4213EF9,0
0CDBE3E78634AB06,0
992037936659795C,0
F94CAF71F444F2A9,0
0CEC5CA635D31F52,0
2E2ED296ECE41587,1
3AC1AD99FCBA5F94,0
93C218A21B7F3064,1
CABE56869993E2A9,0
818A82CB2C787322,1
01C455AE8C339942,1
2DF2C4E93BAD7910,0
E08DBC9C378D7B7B,0
574B13C5D7B849D1,0
64BDCDF00EE10B2D,1
ADD892FE6AE4C04E,0
BDBF447AAB3A96AE,0
82EF7B59EC5CB359,0
D8B09F4D4FB53C55,0
4D3398C0635DD8E7,0
4743551D443DA339,0
CD0E86862BC38046,0
8A54B4E0E57D5790,0
D101408004C84F96,0
4FED45EB59095876,0
CF70D93304A4FADC,0
AB7B0226F1608E57,0
C48DFFCD49EFF987,0
BA9DB58D98CFC987,0
E64B47AA2C9E50F5,0
ACF09994912F3820,0
47755F510EE484A5,0
D2D4ABB971D44C2E,0
3D2CE05108AA733F,0
B36C37FC3B4679E4,1
990621E62CB3A6F6,1
FF98C63DC30F6E16,0
48429C57376AD695,1
D655C0AA461768ED,1
FCB125AC42C85D4E,0
0A135969AE20D02A,0
136004E119A91AC2,0
005D7A6EF2DD90C9,0
83F58BA85C3A8527,0
24839DE8BF4FC92D,0
12999460DD5C5DEE,0
31B60C6906B312BA,0
61D69CAEBF92662B,0
2DD9D8439D734C61,1
5018B286466C0D6F,0
FEC3E886604DB91E,0
593C60CF00D85ECA,1
C3D5C7F0F816427F,0
0904D0E6580FC489,0
8A85E44E27F66F79,0
3FD00F3F89D7721C,0
AF91983BD62EE965,0
1EEB283D8A3BA0C1,1
3FFF03DAA212AC94,1
AA1D43C949A95943,0
BFEE2AFDE8BBB7BA,1
209C1C8BB765B29E,0
77637811273457E6,0
5380517A6CC9ED5B,0
E7E767266267F6EB,0
349E3695A41727D5,0
B46718016B6CC720,0
03090F4B2B72FDB4,1
1897ADB1E8024154,0
E66F83E2D41810A7,0
00D9136B872151AB,1
E3E040A8BF6A85E2,0
A19D1128FCF7FD1E,0
5A417D7F17F55F3A,1
2E1F93161BEAA667,0
0BD39DC171E2741C,0
70128C3D326C4FE7,1
3F36ECC86D2C76E9,0
916875A429CEB433,0
EF0F07D422C99159,0
EFD76D68F477187F,1
671A9725A068AC88,1
EEE00392A6AE4407,1
1AEC7ECBEA5528A2,0
3887565A68415EE3,1
D74719509C170FEE,0
C285BA1C53D73BB8,0
8B07845F86EC2365,0
4B2768B8D85917D1,0
FFB65EFB1007A425,0
4AB1E1C2E55E0109,0
F2FC33BA63FC3527,0
D5734754D0B57716,0
81BE31D279116DEA,0
B8917DD53AFA08E4,0
852F7EC7CFC4EE3A,0
94F33FEBB59A96DF,0
AAB1FABD9BDDDA2C,0
944A7C550597C3A6,0
71D1EC26FAB3A7A1,0
1F3EE574211853B1,0
49CEA73B3FC2367F,0
DF624B5E9680F9D2,0
962BECD94E08DE96,0
E345CC159C104C3B,1
2E8575A087746347,0
109EAA42A38E9929,0
E756A581A1471E23,0
4AB28FC54AF2611A,0
F11AA59946C827BB,0
B2FE97E7195BDC57,0
2751A963DC83414E,0
8D5595785024ADC1,0
07B91E3C6CC70C61,0
BF8E07AF6072AB82,1
1B66C0922029DE2D,0
5100A5276217FD1F,0
A7DE5DDE9C98D1FA,0
E1B91B283D1C5BCA,0
D604BC669240F5AE,0
93D5CDDB4A7FBCB6,1
361EB3F19AF209A7,0
1B92D66DC9481FF1,0
DEB483788D385DB8,1
EF039187B90C7B83,0
F662B22AAF3F33D8,0
FEF4C93C574DCB15,0
152FA72170746FF2,1
C5C95DBDD072895A,0
6A2F83FDC30B5849,1
2C571170F6F1CED8,1
45B4D9D5DFB2B933,1
CBCACCE30A7E4FEB,0
8E435B7260E52A53,1
151DB2A42AC0E0FF,0
9B8589E0A5D3CF8A,0
545FC59B80273446,0
BF45E6792B895823,0
D3A266B79DFD283B,0
B248F229497E1ECD,0
DF3FEDE72ED86B1C,0
7A24DEDA8DA2D4D1,0
2E10C39281B91E15,0
B4D0F72B473E9E88,0
227338A13B73375B,0
1560E272D48AAB99,1
AFB318B4B6F34EED,0
A6843D691D3B5FC8,1
71946254E7DE2B88,0
86CE6A7FACACFBA7,0
21B76C55A9F6ECA1,0
0FD8514F787D7040,0
B3A67717425F9B9C,0
BCFFAF27B2AEA4CE,1
73C1D982DF82AD2F,0
2DD41BD5921F6D70,0
4DDC08C0D0F47B75,0
4F3A3ACF6C2474DC,0
92754CC86EAF300B,0
171A887FFBA40E92,1
DB9C9E7E176EE58A,0
D23BB7660E523487,0
8C42FF1F44ECB250,0
BA92E631DFE521C1,0
E08A0801771AD3E9,1
C545E2592818F782,0
660F644BF0034AD0,0
23B034091B4FDA61,0
1F89031D782D72FB,0
F9F162B94B3DB93A,1
ACEED85D9AC18F49,0
269D09F4973E395D,0
C9643FE21092483D,0
81B29F3327A666E7,0
9AED98742EAAC1A3,0
4F5CB02456678450,0
DEDF1B7CD4B727E0,0
9F8F98541EE501CE,0
C4FE15A619E1322A,0
1EB7DE63136A607D,0
E984FC0CADA4C593,1
A4452E84D0313C73,0
0FB3544D8D04EFF7,0
1AEB48B927CAD560,0
BC7D591D086E446C,0
26015918663381B1,0
E383997C9CE3317A,0
61BC61B278945E11,0
473AC35A8E9A09E2,0
F9BB834C2B4F3BF5,0
43F273207C801F50,0
DB9E85FBEC8FB0B1,0
196DB342D21F747A,0
2320362371EC6F17,1
0C48E3CF0B3D4952,0
E020CE64132B6C68,0
7F39035AC474CAD2,0
87A916CA555F190C,0
67695CE964A71B81,0
1282137BE1B49533,1
9A590F4FB267A0CA,0
842F5D274DFBE457,0
7006582F78082DEE,1
BF76BE28BA9578FC,0
62DF5065B407E145,0
FBD51D1312760CD1,0
DD3ABD0322DAEFBD,0
22F4E73D1B90F9D7,0
54929B49F6475D95,1
5E0FEC75D5116AA2,0
1426F77CA5063DD8,0
78F76741881F55C4,0
8C2C7D6A438AC07D,0
F2A6AFD6CF8B0009,1
6C9F77434854DDD5,0
716EAB3291D332F6,0
5ADBB4D796D4D267,0
666CCCFAA59A8F29,1
EB8A829227D98F83,0
1E20B15254A6A7F1,1
62FE7E698710A2C9,1
EC70B77A2770DEC4,0
0046934E42BB38B7,0
27A4D64318BB3914,0
603DE98A13E58BE9,0
CBA2EDE5836A7AC4,1
C8708386E20BDA95,0
F66893A306E9C900,1
13F9BA30564C17A9,0
3E30268C6C55C9A0,0
89AFC37A3BE431DC,0
8D758D86577B9A40,0
C14BF4D05DFB64B1,0
16D62F780EB127D7,1
A8746E9A3FB05F42,0
2E60DDFCD9F961F7,0
8E2E61F12F6AB36C,0
260A3FB793A00EB4,0
E51E597DA5C16EC1,0
E5C64ED5401AF8CF,1
FBC8B434AE095658,0
B2D2FD5E229DD82D,0
E4C931E198B5EEAD,0
C23A442989F77A79,0
4E3856CF73850CC0,0
7D5B9491C6C2463C,0
F066F709DCF4863E,0
81BCAF277E9F5F1D,0
B17E519C3F97565E,0
F64B2B3F56FCCB21,0
ECB5B44DE9A7E009,0
0EF72BED1365DA8D,1
FF4BB273651336CC,0
EC88FB61B256B933,0
D723FDC0621FB090,0
C78072F721812BDD,1
5C18D4A3B32A70CE,0
CC4119CA048AE8E4,0
A550294EE4DABC50,1
EBECA4927D9C54CD,0
D18A63ED9D7D96A5,0
4D84F2EC016F6350,0
4597874E26326F16,0
30A67B145CABEE38,0
3AFF4CB5FCED1C88,0
7ED40502EB7BAD85,0
659EF8AC94C031E7,0
99C5E31821093087,0
F0A8119C02863855,0
464402009EB7C51E,0
C72635393BDEFD92,0
22DE0B437D8328D7,1
E67D20D1133E8416,0
08B59D240575B03C,0
B08A53FF2F53A175,1
289199E08FB92F4C,0
ABEC4F0D613BE9A7,0
EAA6EBFEE17A41E8,0
A885539472DB7A72,0
87C7C6712029AA06,1
167C9167F6684BD1,0
73366B4A37EC264C,0
DF2DF163B9D2C1BB,0
026FEFBEDE497573,0
91278D911CCF7BB6,0
B85DC9D1D94EAB19,0
7A2D04C09956EB60,0
1F3006FB8269370B,0
169452C97C4462BE,1
BA513710513727D3,0
D3015A31957E2C11,0
A15051AA553C30AA,0
F96F4D622199D438,0
CC7B761206B89107,0
85EE3AE9CDB734D0,0
3D957B75B134669B,0
E4D5583247AEAF96,0
20D051C4FF4BF98E,0
B61E6BF55509F72F,1
9C9CB9FB059DB0C8,1
0085311F2829461F,0
06F0E980C9E31C83,1
A9DF66030AD84EFE,0
195253D9A1B065E1,1
6FBCDCE13D39C36F,1
6A7D80C98F0C0B50,0
C651A39C005918AA,0
9BCD474E1C803EF7,0
5607F61741BBC3E5,0
3B967E1E66BCBEED,1
D1BF782498D05EFE,0
3FF3632F7EFA056C,0
A872B0B29A638E15,0
AB671FEB6083B071,1
4F178609F1BAC5B9,0
54BC73B8256A2DF1,1
153DFAF0EBE5EED7,0
44D574B209D6D4CE,0
781289CC825D0226,0
BAAA928F6CFFB209,0
3C30664FACCB891C,0
569CF7D68DBD49DF,0
42CB7498D28CEA81,0
B872D63DD1DB04C3,0
6005BD6636EEA2F8,0
9EEBC21E72DFB2FB,1
BBC1F43D0644E909,0
AFC63EC2F5B6F773,1
A79AFFF2A09CB6D4,1
DBE6855F37D9DEB0,0
D00E349F25527386,0
DA86EB9526E62138,0
A6C405ED2F2012B6,1
784CD05710B9421E,0
F084E04F7D574E8D,0
E6463CA6A030060E,0
C89012328A9067B9,1
D6C9F6A6F5D0B221,0
2A810EBFCD64F971,0
25F718CB85CF8866,0
F071A84CD993ABAD,0
DC7CF1770CBCFF7E,0
078AC27F4F475CD5,1
F670581E3402B249,1
C21471F978062C20,1
8D4CCAEDEC2E7D56,0
197ACE204A0E2140,0
64EB5163FF1F67AB,1
505EB2630FB42FF8,0
8CA646BC6B1F1A3B,1
111356F5E73C3372,0
8EAA79A1989644F0,1
AE149FF6F3E4F5D1,0
4454D3FA57D1BAE9,0
107A9CBCFD8CE939,0
B4ACED6E5845CAC0,0
65C688B42A17476F,0
ED7957164F8A83A1,0
67647AFF8A8D13EB,0
A2F201264CE877C5,0
6CEBEEF4253BA0CF,0
FB9BD3DFDB282490,1
A35BA685B0598589,1
921AEBD30569DB02,1
B8E83EB78AE995C7,1
6BE850D3DC3CFD34,0
3F84642A1B2DADFD,1
A28270E5E0BE9B29,0
B258835E07526346,1
1A560F28E2607AF2,0
15CDC278F4256BD6,0
45A45E1834E77443,1
3BB6E406F08F9626,0
E9730A709D215330,0
4435F41B3573F1ED,1
1B67A5DC5D618DC9,0
CC23FB3DFAC4A618,0
12E4349FB597AE2A,0
29B0EC8519AFF34F,0
E0590C9F688DB845,0
B0CA5E551E0FA868,1
8EB373F073727157,1
4082A64ACE1DF054,0
4BD2DAF57280D80B,1
8383AF9D8FC374BA,0
54B29BC23BF58653,0
F380D55E6427FECA,0
84792F77E57C1626,0
0F979E3920FC4DE0,0
A39D0404EDA483BC,0
4446C82B944BA556,0
8CF749A1CF2AF569,0
3F4F0E3CD3C58094,0
8082728C4BA66C5F,0
14B506C126E9AB9D,0
B93A3DFB98AE0384,0
0DB41A68B6EB653A,1
CCBBBDE53E2A5913,1
F066EDBC6FA709F9,0
46EE3A0436699406,1
FB97420FEBF1ADB1,0
82CFE7EA4A7A4988,0
3857560A0087993F,0
B172994693C599B0,0
C4789D69ADF9A07D,0
6622803C2655E44A,0
BEE1C359BF3B09CB,1
E9F9C267DC4B25DB,0
EC99F85559D8CC81,1
4886A2CA7838D27D,0
649A90C580137B63,0
FE4B2B41B93C91BD,0
E25F3ACCCE49B8D8,0
02A9CF5CBCA63D27,0
34225A9DF9CDBC8A,0
A10CF302F620F504,0
A02EF3271D6E3632,0
9F68DBC5D36BE2B2,0
5F7FF6F6F3CF343A,0
24BA09A1B8933732,0
61580AE0D8F874AC,1
AB2CE5154853F26C,0
B647E18830E6C1C7,0
AAF9BD49207FAAAA,0
3A7D6F88C8D56878,0
6C3F0B1E07B6138E,0
13F44F352CC2D393,0
639574DE36C3C1DE,0
612ED2E844CFB14B,0
6C37E10E92132330,0
21A5D9793FE02B4E,0
2BB8E9D624E9B54A,1
85A07640A4E3EA45,0
A1451BF9BAF7D04C,0
87E1CB71C35380C0,0
F874B915BAEE8D45,0
115BF68F830F5136,0
5A14C01D6019AF9C,1
9B3AF3A3F9034179,1
345EDA56977F5289,0
6FBFEB03252FDB9F,0
FEEA8D20EA274EDA,1
38BD1F68C73D9D30,0
EFF3B6589E96C61D,0
A93F4A70618B1501,0
9FC59A229A88EEE8,0
059B52439882CD30,0
3606D9288A3A95FC,0
FCD82C62BDC1AB0F,0
357673CD1AA93E71,0
249F849C2DBC6BFD,1
58788D1BEC2CBD6E,0
780393A74764CC70,0
CEDF53ECDBF5798E,0
17DC004378856D60,0
CEC8267635DCB62C,0
902EF2BFD42C98BE,0
FA2AB5BDB6D06C40,1
CE8AD64B3A7E0AFC,0
4196213BB5A726CA,0
AA0FF4D7BDBB5AFE,0
AD1685561D5579B8,0
7EBCEA0CB0C3529A,0
EEEB6F69EDCFEB94,0
368120CE52C89630,1
6F91D1653D6A5C9A,1
E8AE4F84590445E0,1
BCABDC53D3C4E394,0
53D9B843A2925B68,1
ED20CAF957AEAA34,1
13D6A655FF373411,0
883ABF61C532F280,1
C08C37174A86D2E7,0
3DB655D375B3EEE8,0
A6F1A54DDB12BFBF,1
FB89AB1DB405E4D5,0
15C29CFBF194F53C,0
8960B7F9548DB052,0
30793D2C2748F44F,1
028E0ED1B227354D,0
09A0F9B3C3D9FD0E,0
C04EF4C4DD7FBE10,1
A70AF5D5EDEDBC17,0
CD8021A9743B1E8E,1
D6AD1A346139374D,0
2D568CDF8BDEC669,1
A3CDACE004744834,0
F789F5F0C2294B71,0
661D60A797DD002D,0
04A19DDEE68CAABF,0
CFE57F84D6A8AD14,0
0F02CF0524BBEA48,1
C661BF6ACC03F07A,1
2B7920271E7C6C61,0
35D62949B13AEF1C,1
1B5FC0D99DA18BD0,1
F24443878445E9E2,0
D4268A2DDC1C8081,0
C9CC0EFDDD234255,1
252FB86F62110B14,1
089AE3DAA94429D3,0
5F162E4A9CED3152,0
34131C46DB23C159,0
F39D66958F6A2BAE,0
1C0A4283BFCDABCE,0
5F2259901135D7E2,0
569AE3BE9FFB28F0,0
5055680A99FC23FC,0
80EF931876FBACEC,0
7DFD01DB0D2CD9A2,0
CDC34E3CE9D3FA28,0
88AC185B7E2ACE28,0
7F95EA6B20EF60AA,0
5AA44E158613FD29,0
6F233D81255ACB5B,0
AAC518AAD7693668,0
994B8753799CDC77,0
DC1B6A6914BEE652,0
4C4143C8AC905740,0
19F53F4BBB15D64C,0
26A825742F5BC732,0
B4EBE1DA7C73F816,1
1A0468B82810A7DF,0
24E4B930D3F84CEF,0
4939CAE9104D8AAD,0
3B20DAC5CD4E25DB,0
3C2B7FE2799E21C2,1
6F8FC4BFAF20AE88,1
6C2ACE1870CFAF31,0
C070BB66029D5229,0
16616B934137B238,0
5FC9D4FD218A63CF,0
697AAD622D86B667,0
E4056D5366E140F2,0
1E1349E9BCEAEB5C,0
8BA339F6699DBFD4,0
0775D3950E0F4C2D,1
AB0D29F633572FE0,0
419DB7F6F7191342,0
1EF2EA47E8A2C476,0
D6DFAFCB91647E1C,0
96A61B0FF4854B4A,0
5A7F800ABBB52156,1
FC5A2C1BACFA5454,0
F54FE41418ACE4DF,1
E2A27E663CBD99DC,0
9D578A2AFB042DB4,1
1FD72C9E9273567B,0
C7E728AEF1134460,0
417A29EA0C10CE8E,0
D3D761FE9F2CF408,0
001ABBF3373AFC5B,0
B810E783FD04979C,0
656EA0825D40412D,1
1BABAB884A347944,1
AA986B3C8E57DEA5,1
E40C8EAC7B446C6B,1
94956E9F54B1CA24,0
BC66A65B3010D61E,0
0AD941F1F9C83ADE,0
3F84B40EE78EBD2B,0
9CBD08D817D2994F,0
F206DC92F566AE7E,0
AB01E11FC67CC7D4,1
D2FBD1591E2573CC,0
13FFD39A6B0E0B37,0
FD07C0A17EDF8CEC,0
E1D5C2ED0D3B2014,1
33094E6B3F08A1D1,0
C615A210F3F8EA69,1
23AA303C4FA98626,1
1C817EDBDED14202,0
C0384C9483B8B753,0
EA4B14D2EC630874,0
9C68B635D40D0F93,0
B80B6386AA9049DB,0
AAEE086BFC1A9B79,0
847A35F20ED913E2,0
563E4B9E4EE5EF6B,0
2E3856779E505FF9,0
E2F7C7236DE06F4F,0
C6407DDCD7E87CEF,0
6EF9CDFEB8C86119,0
B0E19EA11BA18E0C,0
5DCDA8DCCB7C887D,0
147C5E4ABDC7B945,0
416FC902D3B5BCAB,0
41D69D4FCB18A456,1
188A4970C19F9DD3,0
239C66B4487B99F1,0
2697F15644D58162,1
8E6C1884A593466E,0
9DC60A917F4A7457,0
CE9CEDD422C1EB66,0
1AE3176A9669CC22,0
888322F5FC9673CF,0
8C66124B5B9FBA89,0
CB320A01B705C9C5,0
D52DD9EFBEE8DFA3,1
A87E0076384D8F55,1
8117F0A9B80DF6F1,0
A0C5FC2576795D2C,0
9761832EF60AFBC9,0
E0E67261058DA5AB,1
BD0CC9A014EC6B42,0
C1787D8221E5E180,0
40B6111CE45B3A0B,0
326B904CBC295D28,1
1418D4E893DD7CA2,0
AC7C0BD86F05C234,0
BAB78E4B868AE3E5,1
7CC18FFE97059485,0
035F48C593F23B42,0
09B4B70418771613,0
0FFC772C4B3E5AF2,0
EE47F39B1EE0EE4C,0
5BD325B7DD75B452,0
9720AF0DF40E9288,0
1FC59EC7A9E65694,0
3E8A1DDABA1FAA65,0
F53406B6022A3DD2,0
105A8CECF08A29F5,0
7D91E735D74C45F0,0
AB9F4E367BEB83B5,1
739005AAD2497EDC,0
ECEF63A3C72B03AC,0
563429A57FD710FD,0
7D2A46A7F4E6349C,1
5662BD2C375CC169,0
145EE39914274EF2,1
D0D330BE28597726,0
FC2035A1EB987646,0
C759AF54DAAC9FD8,0
0597265C68B93235,0
7B2E2DE7531856EB,1
B7E01EC8F2089356,0
49DE19AA613A4DBA,1
0D981003CE405E8E,0
847A97E660ED7F29,0
4F20102FACC567F1,0
E522DE1E80E0982A,0
D6E28C67761387BA,0
65E17C5974457FF6,0
CA4145CEB3453B3E,1
478247540FA45F64,0
511352082108DB5A,0
F1EEB44464132551,0
3B02198D3F1CBFEE,0
3202D681967C0542,0
F06F7FCFF938D9D1,0
166AEF09D68B3936,0
8D3E579D874828DA,0
2BA91678CDCB869A,0
5701D1B70DE335D2,0
143C232CCC466DE0,0
7A172284BB4FF458,0
9BE6226F756824E9,0
4FDA7398343481C8,0
9D2F7C5F31C37EB9,1
4934B8F258C5296F,0
4BF4822D7108F674,0
DFEA84E1F96DA9C4,0
9F46C25394283321,0
D24AABD8A93CC7CA,0
B640A5613536EEF1,0
3D05A98613359FA9,0
D11A047BBC6E5C30,0
6A585D9F7F3BFB24,0
73D55D27C93C602A,0
10E5E73EAC89B3B4,0
32BF159C9922786E,0
4FD4C5797D57AEE4,0
9777CDC6A80610CE,0
F4FEA87AB0EDB134,0
EFC087229C323188,0
C69F188381C09F86,0
1C8F579A25811701,1
751DE68B5C16A52D,0
499E410C54BA07AD,0
545DEF06C0309658,0
F15DFAB2901FEF14,0
6DD0C26E6BB00A73,0
E64A539D371139B1,0
1238FACB540AFB18,0
FB5894D9B19B3A83,0
4CB7041FE829927F,0
417DEF73F501311F,0
D9EBEFA061F2E2C9,0
9748160664A9C04A,0
6AFDD010F8864483,0
C940291ADDC0B681,0
2A41F2FB9AFB756A,0
65294FDF87FF74DF,0
912D375624B3619C,0
42D72B981796FD28,0
FF5CF350B1ED228D,0
5AD905CBFCA509F3,0
A61AB7B95DF9119A,0
242732CDE304B31A,0
BBC0FCA203F39089,0
3242244504235523,0
F698FD25EE4407CA,0
7ADF4A98F9D8BF1C,0
BFA4BE7F43004C8A,0
084A7754286096B7,0
D28A601E8369BA81,0
0B5E63AAE082A99D,0
F16779CB8D622942,1
60C66D78C03FA4E3,0
1B8404A02188EBD8,1
DB8E00ADDACCAD70,0
56A0BFCAF3022A70,1
A6951DCC1138C37F,0
91EDD3766585F815,0
774EE9EB58A5AE8C,0
862A397CD9A2B015,1
E4EDA3D15AC874B5,1
56D75A46EC79F95D,0
E087CA0D64C35A6E,0
DE567DBF5B128633,0
A51D3A54190868A4,0
B676DA116B2CE4FB,0
F717FE3A06697B33,0
938FEFF700A67ACC,1
EC61E321D62CC80E,0
3C83EEF3FA429395,0
4DF140403718FA4E,0
07E5181EBCE60BA3,0
EC30133EE5CECF40,0
0DD8FBF74DCEABD6,0
36EF24D898FD4467,0
A2D857DC51EBA893,0
2E62242C836D2DF5,0
8BEC31694B631E42,0
91E524111F5F1381,1
8030EE90C9EF9441,0
AA99D5CBAF36E05A,0
742361F02AA5CA94,0
704CE1BAA954E0A5,0
AB25C32B0C44581F,0
38E0B64C63B983A7,1
6BE252BBFCCD8326,0
155F634D8717ECC5,0
F90CD01ACF500A7F,0
A16F5A996A694E09,0
D45B99E11DC15258,1
601648A9F4304F7C,0
C23F28B86886C143,0
7F64C6EFFC49D535,0
E3ADE36A10E1F079,0
6022D1F52D97DA23,0
2947A98F10140EE0,0
888FE410AB379FA2,0
C5EB56CDE8611A5E,0
99D7F3FBB69B6D6B,0
5A36EAAC2B82DA39,0
955311806D7DAE06,1
6F609E5B4CD02099,0
84D52CD2C9655118,0
8C30920049751B09,0
90B469ED1246090F,0
A8D68BA458E471F3,0
A62DBD8B5D091125,0
54C2C6179CDDCD43,0
E084FBBD823C65A2,0
04B62F0BCCD4C56A,0
D5E6A2C7C95F17D6,0
A0E32B70B669FE52,0
DAC9E28F3D884A23,0
D56ADB73A6B1F50E,0
8C7D16C4FDEC3460,0
F88BCF079FF55773,0
B730B0FE999AEF18,0
B7D8EA2C07CBF66B,0
EEED04B191BC37BA,0
AD95E85A7B4C7533,0
F9CF36A63AAEAF50,0
6CF565FA4338BE41,0
92D67A0F7FDB274C,1
2692B274DC7B1317,0
65CADEF67E647230,0
87325DBFC04BFF21,0
7DFD7A171E39AB74,0
72F501722D1FE36A,0
81D0ABECCFBA992F,0
C6DE0014F8058A73,0
B364FBA4C5A6FEE2,1
081CDE4E281B84D1,0
AF2A45A85B9CBA7D,0
C11DDFD30D73344F,0
91DC37476EF11415,1
32E1E9ABFEF11B99,1
86C0024DAA319F28,0
687A6A52327CF7A3,0
C88879AD314524B5,0
E3CF523911892409,0
EAE9AEF66D33E07F,0
6E1A178763DC195C,0
00037295453A928A,0
E33055688006FB52,0
107800CD87207ACF,0
0FC14795015C2BC8,0
B7E45474B8000748,0
E7572759992BBD5C,0
C5CD307AB334C1B5,0
08702ACC7B457489,0
CEC00232FFBBE7CB,0
FCE947FEB920B40B,0
625289D77BE00894,0
ACCB9A91D54C20C3,1
7F8B56F9F65B1672,0
39F142CA693D300E,0
4ECA1184AF8EE412,0
125404AF0E3E7D50,0
32F200D921B41C41,0
492BD0F0BE309C47,0
57E0C2424DDB5D91,0
E3DBEB54167F7129,0
F99759C799F4CE34,0
CB76309C89D82A9C,0
5493DAABBF611B45,0
E64F1394A4E32E5F,0
FD2FB542F29CCA7F,0
52A4D16BD86451A7,0
53180461873B21E2,0
C27721DDFA73BD23,1
384D341B38E289F2,0
4DEF6E065DB6BF2C,0
05B31A637BBA4658,1
5D97EBF89E03249B,0
14C145A39246D5C7,0
CB75FCCEDD031018,0
7266BA8EA0C59D78,0
3CD48535F277B4FF,0
71E2605908A37E12,0
26F1A1864192E43E,1
0DC169405F21F810,1
6FC08A0B126FDF9C,0
EBFE901457D96DFA,0
A046EA558236089C,0
C2A0DC892EF84D75,1
17D8B947F2C42939,1
49563987654EF2EE,0
ACD10DF9CAE4ED49,1
3956E5645DDE4290,0
5E05346653BE68D7,1
309C035D9C195CD9,0
EA59BFA990A21302,1
0736AA6E29B83AF9,0
87CEC2A7EBF291CB,1
29137282169385B1,0
6A29BFB56DA6F473,1
30C9DCA36E8CBACC,1
D74FA72648514B7D,1
D8B0F7C0CEFAFC6E,0
AC728B39A724FCA3,1
B22C1053D93F2941,1
776AB5CD6509F737,1
5F2CAA8A0CEE68FD,1
B3AF70416FF4DA79,1
B042DAA91DF0B19B,0
EB3041000B76956B,0
FFD2E9065F19B38D,0
2B8542BDDB6E5D59,0
4DBC37F93624A445,0
399475D50A35B465,0
FA30E980EB4EC21B,0
87DE50D388D1316B,0
5518318C7D8915F8,0
3F98833911554968,0
1B41EBAB5BC3784F,0
E25506793B825E73,0
47FDDBCB747B2BF5,0
8C2DE9FC3B9B6430,0
1917925F760B6861,1
C6CBDDEFC9107DAC,1
3C5EFAE752BAD202,1
5BE4DB7832E002CA,0
379443AE81AA8388,0
7261CE64DBE35679,0
2C61D7A0249873C0,1
81733EA6DD14C392,0
78A7466438412E16,0
427EEBF0D77078D1,0
55AC1C815BC01018,0
6350970FA4A764F6,0
14A519E500EA6A70,0
73D18E281D669AED,0
039418B2E92A8BCC,0
9A44EE197E78B3F7,0
567DC0FC1841B958,0
2CC4C22FA3493D8A,0
0EDB7E11B9C869AC,0
EEA3B6ABA7D94C5D,0
0E793138856F5A5E,1
E731DCCAA170DDF9,0
318EE301BE835E1A,0
94C0AE7E6C200B4E,0
9D7A68796F996416,0
3E0EF18522147171,0
461476B6C6AF5B85,0
BB9AD3881C6468F5,0
82D308DE34122099,0
925285E3B51A6C61,0
F52A0431F2B15A7D,0
3AFD995FB62E02F7,0
9943FF2B758C50E8,0
04CFDA78B8DC7966,0
43F32BAE9F0C645A,0
17CE6BAF87114B95,0
78D97E680316DBAF,0
D3F421CC606FAA58,0
0258A2B5665C0DAA,0
7B9C7FDF9717338D,0
6139117FC5CCC9ED,0
BA5F66E1F49F68AF,0
9496D0B18CB2FC98,0
69A5A77A0E7A016A,0
411D808DB8523FBB,0
D067D99983D97247,0
C51E200EC7278C0B,0
F836B477DAF8A6A0,0
528853A625A01D8E,0
804F3E54B7635038,1
E46463F11E128AD5,0
09ABAEB1F6F9E4FF,0
73168E5401A6D0A0,0
B504641B7A5E0CCC,0
5AF9F2EB0D7F5576,0
FFD48BA98FA2D299,0
2D5B4311685E40ED,0
F9F63FEE637702F5,0
53289CFEFF1757A7,0
D809441EEED6EBC2,0
AD6FFCA744C5C6B6,1
F8834CA8E16E2B7D,0
18986CAC5BF6EDF2,0
DFE50192EE0F4ED6,0
F64B7EFC645F2837,0
E25AFFC3C99888DC,0
97AFFFD9B5ADC709,0
AA5D98A58DC05C1D,1
7C9A44E4D1D75947,0
9167B1D2B8B048B8,0
C8B60CB8018F7561,0
0DC246AE71B908A8,0
107B650FDB0960CB,0
EB9D02E614770DDF,0
494D3B28A73A4446,0
87227053958EE642,1
639EBAC70BBF53F4,0
6DF178F19FE1C387,0
E44990BE2500C477,0
8672A42FC07F7F08,1
802E80B98392C406,0
048DD8244F1CAC31,0
CDB9F066E64BDF40,0
7FAADEDD61D86587,0
7A7EA3661C0AA5E0,1
D982ECD4C4453EF2,0
C704EB722E3D2538,0
439F6EFA45A35BE0,0
C603FA9C34DC57AA,0
297ADFDCCEFE6C04,1
F25C331B8C4B4EC6,1
4CC177B8679BC3F4,1
989ADD8054BBA405,0
7D70B77AA3F57F69,0
F6B5DA23A1BCAC94,0
5243C9E4336EEAA7,1
BB254D2D256C0140,1
3967043C43C80AD0,0
5CA90A64FCCE630C,0
A873AD9D13E48F18,1
3BA6DD5566E0BDD3,1
E479D9D5EF5DA1B7,0
7778F8F6ACDE91AB,1
E35239910BB68688,1
52BB9366B8E25ABB,0
9E6B3624E41CDD41,0
29B21727E2B98880,0
88B328048C9304B2,1
9A9460A5E8FC02CC,0
03974E08FD6B535D,0
50C80F18392B1C91,0
FDFA821B5AB302DC,0
6434A2904027EC10,0
A361496F33AD6209,0
13902740B32B7524,0
BA1EE8D6C6F577C6,0
879186A8AD3B9481,0
9E19EB7CC7AD82A7,0
D69245795DB00CE0,0
9901AB06757CF634,0
59A750DEC97D1BAA,0
B33FBE607BB46439,0
9F5488627E67B996,0
A546331EE8AFA2DD,0
7345521E820C1160,0
9143036411083288,0
6DC02612B7ED581F,0
1F7F8E003DB52A86,0
1FA2A06C0A61F850,1
79EDB42C12ADAEC7,0
027AA844429F6E8E,1
050B63B0C42C2528,0
33CE767388B5BBDD,0
275B1B447B20C0FD,0
D6B5323C54BD67E7,1
0C3F2CB9CABE41EF,1
4E4E3636DD00F01B,1
A37B0A92D00236FD,1
E5E61DA56D67F2F4,1
F8B096DE22E557F1,1
62A61172630A2F17,1
23E315BEB049A076,1
C5BC20D280F51D9D,1
E9A011FC5A7F2D37,1
A300E9C51FF5BDB9,1
84F9E5AE8ECA7943,0
D5E73ECD1DEF8DEA,1
8A06E8623BC63145,1
E7EF1571C9D90131,0
65E20E61769ACFC5,1
64285A7F4A8D33BE,0
F7E371E11EFDA962,1
23598D07D4F18C18,1
C6CF3F9E5001775C,0
57941753AC6A5143,0
BB5DA52BD9C4EE2A,1
36B310C83D0DCDA9,1
2BFAEFAC762DF1D9,1
D059AAA1E0FA885D,0
FA6409B17A429D0A,1
CF44D3308DF7EF91,1
E5FBD0A5E68809A5,1
722F15AFFDA2A9F0,1
350FC9A1DD6C030D,1
FFEC4454D961DEB1,1
C19ED3A3ED3A529F,0
FDFAE8B97A7D86D1,1
0B972D901970F04E,0
F3776E7A21DC51CC,1
7928AD7AB8CB84D3,1
D74166E7256BF9EC,1
228488424966F041,1
9F3E2382ADA0C6DD,1
79FEB0DA1742094C,1
3DBD5EF2861B7FF4,0
341CF70A1908E9B4,0
900BD4244CA22842,0
9B97BA35093107BE,0
D95B1F92CA808A85,0
62086AF914735837,1
36733A3ADE61EAF7,0
23FA98C85AB53332,0
41E1596A8E5C117B,0
DBCDDC8684CF43E2,0
EBBA9089CB9D939C,0
FFD8F2A4DB42AC6D,1
8495756D7EE87DAA,0
71CFA680A27D4AD9,0
06642D262257B9E7,0
01F3AA822FA90F03,0
B783ECD45E884B8B,0
AA57972CDB022DBE,0
9D54BECD63875A79,0
2FCC37CBDBA062B6,0
1C9DFDAEDF983FE6,0
21A28899786DAD53,0
20564796A6384742,1
8AC692BE96EEA072,1
B22788EC8AF27700,0
180861ED161F4673,0
D1EFA86A84149971,0
1F61C5D945164980,0
708F20E5FB0AE7D4,0
7AD734481F647A19,0
5D7AFEA9AAD45816,0
4DFBEFF726C310D9,0
79FA1AC6D92E03C4,0
4D3ECB6764B31BF5,0
5AE3AE44C24CEF34,0
58F058B202AC4ED2,0
B26E81DDB7039F2F,1
A5FDB4EDEC036648,0
9D84967773626507,0
A4F00F98CC5F1CEC,0
88F35CC20D754A68,0
9CC32E40E243DBF6,0
178419FF01602701,0
354086441A80EC00,0
810798D726B33349,0
C5592010C7F8F7A4,0
AC2A2EB3C66ECCBB,0
A7F07844E2F1EC21,0
20ADFF18A2F73EB2,0
D500C0AE3D763D0D,0
B7D22EE469989009,1
37F218FB3C9D0DFA,0
07502150E2E9EB06,0
9B590A953D8517C6,0
06EF167033F1B592,1
44081F2DE0C644DE,0
EEA51BB6808ABD5E,0
DF3ED0A2E18D84A6,0
82F77D4E80AF09CF,0
342D4BD6814AF270,0
5BC41C716204676F,0
3CA307C4B8A1822B,0
064AD611AF53F6B0,0
BF72C8C1B8CE323F,0
E470B09B513C9023,0
1A85E246AEF6593B,0
64DC420218110C7C,0
598B8783A5AF1EE6,0
8B0AF58390D10739,0
80DD190BBF997866,0
4A85E0590D3CB502,0
B21913A73D59E893,0
CFAB8A0530B66B1F,0
90A0B652A4AEA6BB,1
FC62CFDDBD7CEAD8,1
BFB8FB848D7BB202,0
9281B75F98AAE5D0,0
87D6BD32B15122CE,0
AA1C6F1A9D439C11,0
47D65E19DBF4BE5E,0
D22607AB6D6976C8,0
F2D785B8401059BC,1
5A9FB7A533D05AC4,1
BFB36BD97AF104CA,0
83979FE2325C7E74,0
0D8F1D7877D85294,0
35200954DCE7122B,0
A5D48589B2E63D59,0
0F574B919C0A5D0F,0
1AD281F95EB9EBA9,0
02981357A035853A,0
EC0EB47618D93F1E,0
91FA96927A7810B8,0
76AAA3FBB06A79ED,0
CBA48FA0F8F677D5,0
3F746FBDBE9E3DD7,1
AB8BFFEE2EE98458,0
4087053B9514047F,1
E736D553BEB4B54D,0
061B92C75748B7E8,0
EE979D9FA34C7D28,0
93401480F6626F91,0
3ACCFBFA1D3CAE4F,0
E3B249D3B6A743E4,0
3B807ED84518CF2F,0
2F15A88A1002C658,0
BCB5D73C314C770D,0
B9AE343EB1E9E1A8,0
3E4577018D15A87B,0
7AA9CC989D33BA80,0
5992F6D0BCFB3EB8,0
F11E05449F314F8A,0
3F5EF2A66C4DF781,0
C7A0A0E257524AD6,1
8FEE1F5AB6B139DC,0
5CF4041BA4AA9CBD,1
909577DA5B245DBA,0
13B011F17835DE0A,0
BA8D6B7C3D0C3C00,1
979E4AB8709476CA,0
C37E5CC9CDD1D688,0
23165DF0C6B9DD3E,0
089C1E62C197C586,1
2B9221FFFAB9DECB,0
283CD8CA433E16D9,1
4ADA53CA9549A422,0
A11D86467EB9857B,0
FCB65B1F5BE1BD73,0
C19D505E153B62A1,0
CF48605FC4FA8DB3,0
B8578E32AF87C176,0
BCE73494EC707025,1
030F01D9C36063B7,1
5E314BD3C0DDB5E6,1
7CC67443A10137F6,1
91A3170CDB78E31A,1
8E0A9EF0281FE1B8,1
26C8928AACD2F78D,1
4D1BD627D1BE83F3,1
9BE8E7EE4E2A7856,1
4B2FBD964904348A,1
9851B8B5BF99648A,0
ADCA6959E110E049,0
6E0023FE27E010CC,0
EC43D759ECB33583,0
5CCDE7001A1004D2,0
77C072EBDF0B60D7,0
B9A15E0A424073A7,0
BED4D5DF5382A364,0
AFC47BBDF2A51F8F,1
9336F3563840FE1D,0
CD52F7B34BA4116A,1
D4FFE37673CCC207,0
C027FB8D7B92485B,1
5E193390D483C217,0
512CCD026196231F,0
F4EE9412B0D53DF1,0
817D7F3DDA950DC3,0
33EE81386AD8B40A,0
7DCFDD8D085E4466,1
4BA6EBB91171DFAD,1
2E56ECF257C924A1,1
4A6FCB62A7B0F42E,1
D82155BF0BD12EBB,1
E0BB90A56B5F90D1,1
4866C7ABAA651B71,0
6A3D99E2AB08546E,1
D168E7B665C9ACE6,0
1EEB476AEE5AAB49,1
CCE1B8A1231BC404,1
F0AEBE5E21A120C4,0
BBFE1606AE8E7F6D,1
761E6784FD3D36E4,1
C03315BEEA617543,1
82894440FFBAD3BB,1
65839B7D1C070E21,1
8348E39A68D6B495,1
9CAC9BA8602C5FBC,1
FA2A2F6D3E937DEB,1
7575740D5A00BBF6,1
663CDADFB2F009A8,1
43AC75D842F7EBE8,1
029982E2A580CB1C,1
1F9DA6A0CCE7708C,0
645E40534DD4994F,0
09E97E9A1F0C850D,0
0576DC27BD5D987F,1
3EE4FE471B297EAA,0
E8D39DB71AF5063F,0
C4DDCB80E77DEFBB,0
1FB8D40894E7FB73,0
77E8D73A6C713B99,0
DB866B7A7C120C76,0
9646BA9BD2129F58,0
6FDB80BC4ABBF78D,0
4296FF71254379DC,0
220C8ECA0B18537F,0
004304374B6A674B,0
23D3F616CBB76FD2,1
F7E859ABE34259BB,0
D19E8CC4351BB7E0,0
4A46B5419E18D4BB,1
77596005A925F3B7,0
B86EC1821B4788CA,0
BDE2EE5F19063EC4,0
62B2E8A345E42107,0
0A5E3AA55E11122E,0
AE821A0608D62ECD,0
FCEFDF896C2FF072,1
E3CE2A07DA875C6F,1
A77E47D09AB1AA79,0
BFF4C4781547193D,1
F4312843FA2B4A57,1
D208B0CAEEFCCC72,1
1E9592B3E596E763,1
2D59321B8BC72CA3,0
9E0EA298D049F528,1
10FA58A83B59B327,1
D417B94871BD3180,0
782D98269E6640EA,0
F8423394F3DE4B8C,1
11325DF15F6FFBBC,0
0232DAE3A8A4CE1F,0
C238D1F94829EC9B,1
008575E3895D845E,0
0751B708CA03A94B,0
F208C58BC710EB26,0
9FD8CB740873E8B8,0
535137D02DE074EC,0
6BF0057F4FE409F2,1
D22D2E305FA53A07,0
3A8C7FAC4A5C7507,0
308F6F54F59F1869,1
A55FD5D6CA331B41,0
5D531D31B237D7FF,0
5A8D4EF272F15FF4,0
4951AD9B9FC5F18D,0
459C04215280DB32,0
BF9C0B9FBF389488,0
F32B1AAA451375F1,0
23331E2E7351D6CF,0
DDC34FDC1EBA58EA,0
F52C2DED790963B4,0
25F3895ADF6285B2,0
124C1971FF449E22,0
4483D26D69F6C04D,0
E83AD8C0C84F6012,0
9D23CF3C05AD43B4,0
3F2A8AADA2787650,1
7C59A68F52547A98,0
2AB4CC84B1C5CC30,0
DC09405CFDC605DF,1
D42D2B42185279DB,0
2793677A818AF20C,0
127516D57A6AF418,1
37612DBB113DF098,0
4F0A77DF425976B8,0
15599640EB4EDD42,0
6FFCB3330313ACCC,0
5D96A34227A1AB63,0
31FE7D6959C7C415,0
1F25484FE2A67682,0
33E2F30CBAC7797A,0
8466A29D62322A6D,0
7BC3472FCA7BE701,0
7919EC81DE643077,0
367D696840DA4CED,0
EEB845F6737DC4E9,0
E558337315D7325F,0
6134EC4C09FCD3B5,0
777F38C4E6772277,0
A246AFAD5AECED19,0
074EB7694159B467,0
4DE35F5B83D62712,0
EA569FE5459E6603,0
AB1C1491F22769ED,0
B345173C46327B7A,0
8E4874DC877FA9EC,0
1BD7D8024B9DFDAA,0
D96ED05A1A78FEBA,0
7CCC102A56FD38B2,0
D4C8C896E7E99C55,0
E52F5218C1EDA6CE,0
0AEBA2D7AE6695BC,0
D6D5347F1213DF9E,0
BDC9325FF66E5457,0
69874F7A96B935FF,0
DEDFD019A9AF6422,0
CD4DC6FFD7AAD772,0
9E9313A661A6BA8B,0
E8A1DF03BFC1233E,0
CA0CDC559F0D67C0,1
0F6659787C8976DB,1
204298F1FF7773D5,0
30D0037EAF4FFCF8,0
197317BD76BC77CA,0
AAC573EF6630B96D,0
09442E27E3DD1A66,1
54C0EEF8A99DF928,0
786B8AA355895363,0
C0F25C1901046073,1
3F8B526CF5685A3C,0
0F0295E82001176B,0
C4959398A1E4B079,0
1B7046EEE48AC108,0
D583C59C18EB2825,0
D726AFA0EE35DCD7,0
55CD84E7AFA64F55,0
20EADFEDDE00B126,0
8733505A40361F96,1
30F70C06A465F197,0
43316E9B5DED2256,0
06EC2ABFD1D4A03A,1
EFF2CF72F38433CB,0
7F623720039656FB,0
D76FF1601E99D808,0
9D95451F5632A9D9,0
84D3BA36F5F3A1A1,1
C38D5ED16912FDF1,0
01B6A02AFAE7D514,0
885A3040334EB6C4,0
C11EEE3E65E589F0,0
DD8C03EC5C7E6845,0
4034AFB85989493D,0
4A453DB682A96C18,0
50973652ADE8F713,0
A50E620DDA69F9FA,1
5D8E888E944E319B,0
094839A847CCF5AC,0
C0C793B151DF33CE,0
AC3CEAA6D1880B82,0
749224C267793098,0
5AD1CE5AC03631F6,0
88E9ECB4A2B4D05E,0
625FC9313EC45A63,0
D3D1884FA07B82A4,1
D41890338F1E6CB5,1
EFE7D352D362800E,0
E1215064F5A23131,1
F9477C1B524DEBFD,0
5C4AB9576CA35D95,1
E3A9A9339AD4015A,1
B08A0749AB2D4286,1
648AC45681A748C4,1
232EFF9ED20D0E2C,1
EB54F55EE1F0AF21,0
287CFF144E1C0164,0
8E6AF8162FBC5620,1
9B4A587460241873,1
4B7B91E31D816780,0
DF182378FD8EB28B,1
F0666EDE76DB4148,1
EB3D40720926A823,1
B8ACED70AA4B62D1,1
306327BD51E0B0B1,0
36670CB1F68373D9,1
63AF976193B82F59,0
6C1AE587E2E2729D,1
4679F4D4E1A002DC,0
4DEED9CF759ADCB1,0
E277BD50B7A2B9F5,0
FA080FBF5E143E15,0
4C881071DE999568,0
B79FE273156D7118,0
2FB306499265D49F,0
0A03A2C98CE6BC83,1
0B8322B068ECB869,0
A025391159F3D83D,0
04DCC591E92C394D,0
6DDE70795745C02D,0
8C7015B40092F279,0
10862CB5BEB649A9,0
CAF0C72016F434FC,0
FB8C79087DEC3E34,0
047617AFAEE9E7DA,0
B18486D4E5F34A9C,0
31435598F7F03E19,0
BADAB64AA6E247F4,0
D721558E0D201A7E,0
236007BF9F76EA13,0
8EAFD3C975652238,0
5AC292BFD23270F1,0
25DDFAD7A0779133,0
8B81E8D6F1DFF75F,0
38000DE835EA5497,0
4ACEF57EF61B8999,0
E79DF30C07E121DE,0
69FB9DEA78CAE2F2,0
36940DFD84560460,0
AF1BA2C7E2130134,0
C76157D7F60992B2,0
BD60BC1CAEEEAD2D,0
320003FCA4FC29C3,0
5B6619DA3BD47014,0
AE5E84B78C1568F3,0
B7AA452792D7DD54,0
F840FC38B4EB32AB,1
E75096A827920CAA,0
C7D8CA6CCA5DA99B,0
B8D64F2310F56CC8,1
FADFCE4A09BC24D6,0
851B6C1C82500461,0
3FAA4B1031765F96,0
528BB50CF309F190,0
FB12ADCD80A7623B,0
C50C4479D0AED7EB,0
813D62EBDB369C00,0
C72B1FCBD25BDE72,0
827D0D48E205B41D,0
D4C216027CA13B77,0
D53002C01E709FF7,0
F1176335C1E65970,1
3C13521917113995,0
E5AAD686A4C5AF85,0
4AE20EA2A195947C,0
3980C536E6B2A766,0
1BC0A8881003A958,0
75B2E6919E4D4AA4,0
60D7235FE29FC08C,0
1A4AD5B8F5A409D3,0
E83CEAC94FB013AF,0
58ADDFFAC89DD51E,1
10DCB3845DDE95B8,0
45FED4A4B884FD39,0
19D831ED93A90371,0
5740F1AAEABF7334,0
2004E9A648DF708A,0
ADB3A3EEE68BDD19,0
4D83767A53BD8DE5,0
664A8BE6A13C50BC,0
51F07D1FFB73A752,0
0567D4CF7EB8F826,0
51F6106DCC155749,0
E1B920A61D3365A6,0
34EEF74C2BADD82D,0
856730C3B41B0AB1,0
9989F1611DD56B59,0
A93A93E489C210F5,0
545AC16BB6DA98AE,0
A20768A2B6ECF50A,0
8A85B5D0388854DE,0
D98D288980E2B534,0
B191D1277CF4335F,0
B9E357DEBB169731,0
3DAE6C83D4DFFDA0,0
797B9C69267E37C2,0
9168F26B1379C992,0
2DB374404C7FECCE,0
6D8D64429D2014F9,0
C1C95129BDC68EF0,0
73E3ACECE937A9EC,0
8C54639E7C027EB5,1
0A4F65C674169E1F,1
515533C12F973DC3,0
DA864AB041322729,0
D24518B86CA64D12,0
EAC0E19A64C1F32A,0
1E47AB933CD99150,0
8D688FF38DDCDF8C,0
674B59E76ED5464E,0
243D80D707614F1B,0
7603A0F4A5000DD6,0
C74179246EB5479D,0
206091E727D6E394,0
C97C3EE87E56050E,0
3D29E6C1426693CC,0
9F258FFA4E2E5DFF,0
C615A9A62F0F2224,1
4795D51EDD375267,0
917B618C49EC7281,0
469B11F4415DE36F,0
0D055F547B7B39F7,0
7A29803410C80E1A,0
7B3B911F89267876,0
E85DBD5C02C924D1,0
9B07ED41CCF3FE03,0
2B61E8836A7CF87B,0
BC0EC740FEDA856A,0
1808897E6692CC3C,0
38AC4A30B44BEA00,0
A005AB5A06F882EE,0
4D3F77ACABD1D7A8,0
EB38099E97C4DE63,0
6A5B98E69488C18C,0
83AE18E8A9337FFB,1
7C98734EB7BA886A,0
19A86D597C9828EB,0
E334233F8FAF8324,0
3019AD741AEF2980,0
7232A2B3D5F7179E,0
3635D0792D15E3DD,1
2324110BC2112386,0
EFD69271BFF02B7F,0
871987C09E1F2F6D,0
ADA05909C427762B,0
0471BB57B7725729,0
03A0718FD7D6FAFD,0
102D777136FB6D9A,1
34877AD4B9DE8494,0
DF3D3D89D74546E0,1
EAD7B08FDDFDFACE,0
F718246860CE2E89,0
DF4C6CE91DC0908C,1
5663C9EB0078815E,0
242C9AF7705E621E,1
A285689C2287F5B3,1
4C4E6ACD45CE1FA9,1
CE95CA14BE7629EB,1
4F2112DEC16EB51F,1
4C666F11A2290011,0
4425F9291914F9B3,0
C0E6CD65C77C2303,1
E71C0665465DEFAE,1
6680CA1660957924,0
1D31F7E3AB540F81,1
9CF9C6D63D420C07,1
9BF0CF46C13905B3,1
85CCB463DF4F5DA5,1
8347AC6286B8E4F8,1
6385C34731235D3B,1
F809290FA5ED1BF6,1
4D33EA66DC634A5F,1
B76F028D01381AFF,0
1A47BD90D642C3D0,1
0D080AFFBC9FBDFC,1
C2817A8C531D0FEA,0
5595045219059360,0
9BE42320AB1936CA,0
3F5D9B1CEB10DFEF,0
78323E019A6B81A3,0
D2594B4066E8D039,0
F7749CC0E23AB5A1,0
7B67F20AE96EEDEC,0
F9047DE633EE10E9,1
0DCADF58F78C4BA0,1
E9B4F2A94D8DE791,0
1EA90430D10B8211,1
3EB6835E694BC390,0
55D0A9DE3D2D6D3F,0
C3DDE2A9144A0EC0,0
C6921695CB03CEC9,0
0689317286CB5A45,0
B0C14B133196C8C7,0
3A111847163C49BD,0
443F6CFB76A867D8,0
CA292AE443CB6881,0
54409DD135DD39A8,0
56FE92E27316AE8E,0
A9FF5E68522A89F5,0
CFFB650F751420CC,0
7DBEB2132471991A,0
CDFA44300CAF958C,0
36C422597056AC5C,1
E9BE867FFEB1B4FE,0
7AC90B338AAA56D2,0
124AB801CA9E003F,0
737FD081FF8848ED,0
98992930B4BBD9AB,1
72B31C68B02B5F07,0
A29166A50C6B013C,0
0CC645BA21FE0883,0
83C9C6BD8EC9A11D,1
D0D19B0D03B68175,0
E222FFA3D9884097,0
B6E0E4D67377F9CA,0
3B3138E363E6FD05,0
2242261EAE13BE69,0
C5EE503270521072,0
F581D48947108C40,1
3385FEC7AF3C1E99,0
5D27CE695DD2C78F,1
9FA086031B44D783,0
1BF35075E630BF51,0
D1135B088795C867,0
DB555DD6C7EC192D,1
20CD583E711CD402,1
9FB031AB02DA9136,0
6151ACD8CAEC82D6,1
A417615253BADA0A,0
0BB4D80FA4A868B8,1
923A57F189DA9DEE,0
2B1C3F179E182124,1
058753E36DDE9858,0
8295BFFCEE26D416,0
92C40D0707512430,1
150A2226C2CC89DC,1
0FFD00E2DB2A0C10,1
DC8DBBFEBFA1B404,1
F6AFB80B7E7A93DD,1
B6309EAA681AC768,0
858C2AAF63E8A86E,0
1882AF6F6B006813,0
85B26035D2674481,0
470EE8630D5B8606,0
32D981871531514B,0
C6D13EEAD4E88C06,0
B5553DE4A3327F8A,0
8ABC67C92335D18F,0
EDFF400F3CAE917A,0
92CC65F94CF592D2,0
C78028020261366E,1
CFFD5C60F5A47AC2,0
D99A6854C478696D,0
A71FCC0C393707BC,0
CE0077D4672A4DA7,0
7DB68CB32E7B36FC,0
332EA39EE84EEB74,1
222CFE6841D92C3F,1
B4A8839BE381B48B,0
827EE8FC44D3EB70,0
503A6CDEF2A8A888,0
0A83A0A50F49E976,0
89D6BBBCED85205A,0
3FC84883BF04D089,0
B54C1FBC0AB2F703,0
50BC33C82322E169,0
EFCBFD33E1A46EA4,0
7B347697DA4C45ED,0
985824F6C08C00D3,0
947F18C48A26CDCD,0
AC7BCB622D57059E,0
4C9279A3DEE260CD,0
A3C74DE85027BC18,0
8E4FFEBCBD325DA3,0
ABB4836E1C2B0AD9,0
5206A7E1F73E1533,0
1A2450025CA5CFD2,0
48BBBB1F68432AE9,0
B289C1206A5B52CA,0
EBCA5E1AF28F3259,0
97D6D9F1CB28DF2E,0
B72C9E2A107D3158,1
07A6ABF7C369BA93,0
83C93A2D919FCA49,0
17E9724C5789E328,0
B0BB6A1BD40568CB,0
58C9F5E4D88B9BDF,0
886DBD3E5828F607,0
6419A6813A0DE2B1,0
CEC22743FB1FF8AC,0
DA5EF7C9A1D7C947,0
7A00FD610C686D63,0
49C76C2DC4B07900,0
C2D0C0F33BDE7C89,0
CCC07F93C9968AA9,0
0BC680620A92AA4F,0
6643F1F292C93089,0
829E603E0A1779AD,0
467F6B34C46B87F2,0
559E8FAF4C899221,0
02BD2302F77BC8FC,0
3C925EF27F654E65,1
26FF5719F08454FC,0
A4A650D3FB820C97,1
4A52567D319D7259,0
D74FBABC92CF6B75,0
EE6ABF8AA7BE8A00,0
61CBB69CE93227DF,0
102CE7C24115404B,0
24636AA1A46465C4,0
12D81D00BF3E0DBA,0
E50192D41BA7324E,0
C6DA8F72B9BB8F50,0
EDAB835025086506,0
16694FA00EC0B2F1,0
2C1D1F6C3DA85A8E,0
D75C6E8880B9142B,0
75DA47EA780E54A9,0
61E1386CA3F706B9,0
F2F0C1EAF6DF9E8A,0
F449ABFE28196986,0
150F30EC19ECFD87,0
6F9F4A4481BDC401,0
3B3DC4B62F6393BC,0
6655014E320A7E82,0
920B503233FE07F5,0
3C71FC43CA2E69EF,0
FF83E6CFE3916793,0
9EDDC3EC281030BE,0
802368AB7050C79C,0
62D2E51C63999DEA,0
7E9F02F1B7B32958,0
714AFF300F9F6AFF,0
BA553E0FCF4ED0CE,0
36DC9A144F616C45,0
14C9843FC2A133A2,0
FB83426F30E25F7C,0
04CA2B8F37E4B84F,0
2663897908567B07,0
34D79CF6FFA4F61F,0
AD856A013DE3A27E,0
5799B0EA6603138A,0
2114F2880AE70229,0
0C2CD3C9317E6468,0
26CD74A843542638,0
F34C5BC90C27B5D7,1
B1D6039E63EC093C,1
F3FA537BBF4EFF68,1
6853C8220CF62194,1
1E8DCF0C70804751,0
506BACA6F82FC615,1
7D123CA3C3D48C1C,1
9F8B80B5809F5775,1
FE15869179983E52,0
3FB7C0590A160331,1
064FD51705A7DE21,1
072CE34A5959B65D,1
8F210A350094C30A,1
E8D107A493F65811,0
B3A124FE4C5CBC6C,1
3DA137B5C38DF71C,1
8013B3DA007EA4FC,1
D08C2EDBB50565FE,1
E26673DC67BCEEB0,0
9289744A900A9FF4,0
54896DC1408863F6,1
CB676111D78B0E26,1
059E3EB843652CFA,1
E9AECD121DB7857B,1
EB142716030B4BF6,1
555C832DCB1CA440,1
69D3C5591DF2DACD,1
34250289E7F738A8,1
B177C5638BB853E3,1
9554F30B73CB2ADC,0
38EF88D6E5EC621E,1
B87FEE45EBB4D105,0
A155D4B4EE077E0D,1
6759F3C7D07B8A4D,0
89E8DE357EAA327A,0
C9CE661EBF27A3FE,1
07A5CAFC97096173,0
F4E92EA063B44599,1
16818A59854BADDD,1
8F852338E2CA8AE0,0
BE9E63FE1F3AB663,0
B4241DB656BC4D2F,1
BEC24B9DBF824DB4,1
C4A7E3E9DFA02C82,0
181A05816C4526E2,1
5B02FFD7508BB721,0
5DAC0000965466DF,0
E23EEAD9A284D597,1
B53200599393DE68,0
CEA7F2563EA5AA4F,0
FDA845F136C4A03A,0
58D9D3CF2FA4A823,0
BFE5A7218A4CF292,0
AE61527C7A345382,1
F550DD1B1BA4D27B,0
1F6204C80B40E206,0
279862E142C6BAA0,0
E80EE91F59C2BE5E,1
4E3108BDFB949577,0
23CF44965CBBA563,0
386530813A943B3E,0
591191B659AF60AE,0
50064C39D6FB2E66,1
12E1CDA3A4828142,1
E9EAA2EDAD221A74,1
0EDA3E8FCDD9500F,0
8C6CFB783848AF28,1
CDB52D10C95FF474,0
801531D3C73C1FB3,0
AD12C99752800303,0
DF8B4845B47DDD47,1
C16F115677679B59,0
E31B9590822C0883,0
8B85596DCC6A0602,1
49897B56AF5375D1,0
DC4E79720E46F9ED,0
F4D777A4E48BA12A,0
2E8515E2AD4927F2,0
388C34B11984B680,0
D04E75DDEA7CB22E,0
4925AC33DC4D6967,0
4736EB1A2FF2597B,1
D3F6D80DE5569DC9,0
EC72935804B0A8B3,0
1A486BA54F54B8A7,0
CFB1BA57D5DA9756,0
D9AA49CAC625ED60,0
07FCB0B5C35F8EBC,0
EA7ECCB149D7B3BE,0
088348E4996005B2,1
0074FD25BBDB9009,0
C6DE1B876D34A881,1
67E3E51179A80FA9,0
19725DD21E76ABD7,0
F1FC546252CFCCF5,0
48E7E1F4D7AF48E7,0
1D5CAE094CF15941,0
D999F3FBF1232114,1
6262DC343A878FD4,0
CFBA88981A54327A,0
B0CEFC6C5E47814F,0
B08F6807977D2679,1
D727A12AE95323FF,0
B900638824641877,0
28AF71901C6FE97F,0
1505A0215C2137B4,0
4A6A3FB6A741887D,0
EC872C9402C7DB70,0
A40B2A248E64D549,0
72DD8D82AA91FDA9,0
F692661E85096BF9,0
39EBF33B2CBBDFE7,1
ADD3C296E1DAD55E,1
1B855FB6F13B6915,0
716A3A867E22A653,0
6D013E97D2EF9DB1,0
46AF2CD18E029A4A,0
B3324C51CBB7549B,0
1CB036B8C75C6960,0
DD1F21CC464C3D2C,0
587197390D6EBADB,0
39AF2617A5269666,0
4C1683EFEFC78CD8,0
7C72C674A52EABAA,1
6993C53FA22C01F9,0
75FD3F8E544BC710,0
5AC27FFD5757E132,0
809FDCAC73E8F526,0
C8A9914449AB8466,0
619E8A0A7FD0EC14,0
CF8C704B26A3057E,0
AC3E203DEC2A21BB,0
9217D86B1955ED25,0
66A8C858D6DB6F3F,0
4BB1D811CB1BB552,0
B2357A54E4368C53,1
9C8C6A542687B6FC,0
9BF21A286BE0040A,0
29A7B497FDED06A4,1
596A00918E274701,0
903B792F3700BA16,0
52997122BF99F8F2,1
7BF8EAA5BC76D615,0
300C973474B047D2,0
F7301FC27A8FE324,0
A9F61A408A374652,0
FDAF5B9BD898A919,0
28AD3602A3800DA6,0
EA358FA1A668A98A,0
E73F0026B38D4731,0
D0EB2770939A7405,0
BFBF04730D5613B4,0
FF8EA95269B18A23,0
04FB7CC8480DFA96,0
A7AE7E87EF996DE7,0
E0D1C83A6EC5893B,0
3EFC76AA04C67011,0
0BB3DC0332110A02,0
859A78A3D0DFEFFF,0
3976E75C0557E295,0
0A2188D9EBA3E166,0
15F1DC4DCEF6630D,0
05909D7A9D7C7F27,0
9374E8680D1FBFA6,0
5BFA3DAE97E5371E,0
D47C38B0D8353237,0
C4190015C6F02416,0
5C16109FF4680E41,0
78D56069886D26A5,1
3A8198069456E1AC,1
E53A64AEB83143AD,0
D94A1E71021A4625,0
80839CC1D65650C5,0
704306DB5161310F,0
28500203E70972FC,0
62C3F7F1BC34009F,0
5EA349EA8BCF9888,0
2E58EF5C9B300BF5,1
E1EBF16A6EC9B4BB,0
D4A1BD1C55F6ED62,0
3D0A6F567D2BD187,0
6ADCCF94F67E79E8,0
1914F4304039DE04,0
121526B305F77631,0
046217C210AEF908,0
AD6A5864E3F1894A,0
8EB21EA770746B4A,0
25C03C99B0238FAF,0
C870E6DB049876D8,0
32B912078BFC4AF8,0
DD01F95AC64B03F3,0
36AF11052F458017,0
F192D9D9D7879BE4,0
A373C17651DD6409,0
3AC23678B0F4FA37,0
517E2C9A52AEF5AD,1
76987D5B4D8CBD38,0
D75193AA0D9DC2C7,0
5E0F7AD566B4BE8B,0
8A866B0811EE3563,0
0095DD775F7412CC,0
48FE7947AD158D80,0
85F1AD5D9B2A0333,0
4B4F104EBAFAD72B,0
440DF388A65BC0D7,1
D40273E790C20716,0
054D8A1A97996807,0
43659A226237E80F,0
C26C41114BB7CBD4,0
2BA0112BDC19D2E0,0
13C407EAD6C8DC6D,0
747D32D76A4EF15E,0
74BB1846DE199BF4,1
D22465EE17FF47BA,1
44A82E5AAE5997D5,0
DFAB59A556EA8D17,0
B25D360B402CE314,1
6A8683F1AD8F07AF,0
9D308C7D1467CE32,0
4BEE0B9860BCEA3C,0
75C3B0086768399F,0
05F170C6E518B040,0
C29A4187812E87C0,0
2809F69EE5F95559,0
8A59A6000065F120,1
213D133B3D471756,0
EB5CA6004FC09DD7,0
3059E030CFDBCFDA,0
E2F63E4521254D32,0
C137E6154452B5DB,0
626EAFBF510B40EF,0
FA7D1D555D099297,0
8AACEC8F2572013E,0
26D8897734197991,1
88BB2BB4200B5933,0
157914D2AD195623,0
C32A705FB44C328C,0
5C5D500C1C3C8670,0
F59FE5D22BC0109F,0
701B0741345F8EAC,0
5CAD2E77149B35EE,0
3E03A3FB1E03D21E,0
AE7E4ADF3CF757AE,1
39C7F93860A5B769,0
9C507996AF4A9883,0
F0958F603B7CF070,0
3A6769E28B54184C,0
377283743B25BA38,0
146FA78FCB34C3DC,0
7273D91045F2412F,0
ABDEB962A6F1D158,1
DA2CB313841793B8,0
206304967545BB4D,1
BBC7FFD349770356,0
7555E2468300BA15,0
131019C2B85E868E,0
C28498156006E0B9,1
E10EAE2DD523D7F1,0
2E128483F3CD1856,0
CBA44E56B3B05917,0
93933CB88333E37F,0
6130639D748D62C8,0
A224AC0C6F05C19C,0
60CE75CE3FE7AF6D,1
A5EA1183266B975C,0
68F08088DCA78476,0
F0E78E589366DD40,1
EC2A5E6B85EAEFE8,0
0A0BCF4D911F1C5C,0
05024BBE72D5A91F,1
C3D5C29E7604CCCC,0
0461457035D3B055,0
7B235C3266E8EB70,0
340FD37D3D969735,0
35CCE246E0BFCB61,0
F381C7FB13131FA0,0
E814816A64F95FF6,0
ADA12E75D566CEEC,0
0D4F86E9C4B79868,0
6EAD070275B32A03,0
A04E3AA6B168150E,0
A73BD580017AA1C4,0
8C49C051D8F7BDF3,0
388A7F769F5CB5E0,0
279C64D6372F14BA,0
5DCAA69639AF8B53,0
473B5A413A003C47,0
8AB5AED6EA3DDDF3,0
35FAEFBB8F847B25,0
2424AF06473315DF,0
49C9E4C62C3DD7DC,0
1DE5CDDD9DA2D6B4,1
14DD9A4217A05E57,0
C53C17FD40FCC506,0
3E71FAFE789E0A22,0
B8839D64FBE1D487,0
3D54E899417ACDB8,0
A4DED305AEA76CF2,0
8B720C2619ED363E,0
120E9858861C4A9A,0
9956AA4F5B7038CC,0
52980F3C5FDFEF5A,0
093F10ECE0DF9BE6,0
F910546CABFB5B28,0
FE32B29E3BBB1635,0
B68EE55CE909C223,0
A8DE771308694281,1
D3F4C6A61A67616E,0
0DC778E995EF01A8,0
EB854A8B14D650E8,0
04F5500789F267FB,0
D18DFAB993E4CE68,0
90641BD370C7F90F,1
1FEABB2E9A74A889,0
ECD3AFC2C77D2033,0
BB4F40317BAB655C,0
69E2CCA8BFFCA844,0
1E7D910FF17877BB,0
7106508F9C9F5CBF,0
9DB551674228B897,1
CECBD820F0EA3A30,0
0FCC31A75EE2B816,0
8B915661704E5572,0
35975A8DE0024D18,0
8AF7F730DFEFB259,1
D3702A445704970B,0
FAA896F002DADA48,0
B9C583C66E6020B2,0
FD2B79389049D29A,0
3D57BAAC973A9A42,0
9219F9FABB10E923,1
5FB3ADDB9E6BFC16,0
1BBA84270399FAEB,1
E6DD66CF3DA4F019,1
19291AB13CADAE25,0
7F4B770094F80A15,0
F04EBF05AA5C952E,1
EC21B61C0E7E9ED2,1
57401375E5149217,0
328320100C5D9529,0
4F0D52B1595D940C,0
A655FDE75B71492A,0
8D39533658149CA2,0
4B52F6A6569110D7,0
02737D507A195566,0
4C64FF0BC5B50BE4,1
814D03D0C2DAF2B7,0
DAA9BCE416FDDD8C,1
15D9CA728C8131FD,1
9918041088A774B9,0
312E4140D1FA910D,0
21C49C9B3B6DFFB0,0
C6FA5EEDA308B6A2,0
EF29960BE30150E1,0
1BA9238EAC267190,1
50CDF598C9135E1B,0
F9A634CA9FB6F6A6,0
2D4B277E867D5E5B,0
8A379875B3D476B7,0
F3C483B285178633,0
97E6477BE1FEE30A,0
B4B8F9E40CF72F53,0
876000D6AFA44FAA,1
80EB1F774D641DD2,1
2848F1BD27A35340,1
DA11A85CDE01A8D6,1
F0E0D04296CB1E6D,0
CA5C49FDFA26996D,0
D722EADB30FEE464,0
5C848456472B53CB,0
C4859C364F1AE1CB,0
2C0443385BE0A245,0
F0886DC32FEC2A6B,0
E93C56F9BC89CF33,0
F6D36E2959AF277D,0
A3B3C6EDDD6BC89B,0
0D84450C5D196D25,0
5BF0218C13301E55,0
6D639A82A98A1F71,0
550BF836E7FFBAC1,1
6922DD4D1AF226BE,0
ACD23117D79E002C,0
ACCA3CB515C35E57,0
F1542B6EBD1163D0,0
36169814702D62E3,0
B4FBB8A9C5B08218,0
EF9F0CF34111C065,0
0547CB89C71046A7,0
ACFBDDF863C46FF6,0
CD9F3BF2EA80B833,0
6D7A5570C26FD96D,0
8DACFF7C5100388D,1
E659258FFD4294CB,1
8D35389585276DBE,1
E1EFC33B86A3A66E,0
F2C3504F71517DE2,0
B1EFA175BEBB6142,0
6E023FA17123A1F5,0
35EEFBFE41F4F9FE,0
D27F8D51CC833B8A,0
989B466CD06E794B,0
00B44B0C841BDFF3,0
7A680896C4E5D5E9,0
F25CCE513AA1C953,0
E7C334F991D2BD68,1
3A3144F28F66290D,0
C860338F23FF42BB,0
CF4790D92DBC5B7F,0
EAD1E4AD82807B3D,0
E1007A5A077B5330,1
367ADD9A332E3DE0,0
A9E15F417829D1BC,0
60B9F083FE46376F,0
A19E1FCF004B908E,0
DBE2C35EB8F06D1C,0
44711D2914C0159D,0
0146ED21079D88CF,0
05F1D68F41E963F5,0
4C30F6353B46FD9A,0
D345768930F5250C,0
14D2811FF32E8C32,0
CAFF4B24A911CED5,0
2E57837C8558D5B6,0
335FDC2180CCFEE1,0
88F9115FB6529E27,0
46DA50692C626E7F,0
917EBF53277C6891,0
A37DB2B43F8DAC31,0
C3E41FC71DF64DDF,0
DBFA5FCAAD8C36EC,0
64BE12631464756B,0
EC0A0299ADE86223,0
25DC9C2FEE9233F7,0
6C25C18F262F7223,0
392142C62A973152,0
A13CEE6C8C7833DE,0
99BA817288B53B4A,0
A45FA2F2DD8287D1,0
90946C552D6747B8,0
0CE875C4C81D2032,0
66BB20FDA5D693E1,0
ACBEAFBF55E1D014,0
B9626212D81F402B,1
C376148CCB698281,0
92D46E92F9E15FB8,0
FF3169DCB2C0D4A4,0
E3B794B465602BAC,0
2AEAD683A37D0A17,0
BC7676E813ED2107,0
E59B7EDEEC35E8EB,0
3F627EA33E2F519B,1
9084515727C5FCE9,1
81E4FAAA891D3D67,0
BBD48AFC20DF9E28,0
27E2FA3D1F1A45EC,0
D0AA7EDA08BB13BC,0
0EDA077917C789DB,1
DDA7954CB04AE8C2,1
A0CFB2375B92D939,1
255E563640F0C157,0
FC0AB5FF8C874492,0
E13E3B42C3A160D5,1
0589472F933CC6D5,0
7D42467EE9CCADD5,0
9461F042F4A7DF5F,0
61D72AE17AD4A100,0
AD31E8D94138528F,0
CBBF2529C3F05196,0
4CBCFDD377E11BC7,0
CF475A334E219B53,0
54F1F2DF2C541BF2,0
0F8F38610C44BB97,0
5B1F47ABDD360EDC,1
B35EB9FF4BE7A602,0
30D13225FE06CE23,0
B3830F54CAD07808,0
E54658A0AAB41247,0
18AF8A041BB3E1E1,0
3588DEA0FAF4CC73,0
3E92FEC22899BBA8,1
C9BCA02FA4740CE8,1
67F00322470B471A,0
6C5C52A8825FDF05,0
856E7D8B2A2380B0,0
152F3CC279D0FED6,0
B51FDA6CF3300642,0
14BB86F5A1ED124F,0
CAE68290A37CC77D,0
BDE2CD1690BFC496,0
FC5BA34620281D4F,0
264E70F7479D5E0B,0
CF7B05BE87B269A0,0
87962402380B6EBE,0
B3DA843A8FEB199A,0
9017060B87BE5751,0
199FD591180313B8,0
39937AB2E956942E,0
E3837FE909764F55,1
E16C77B1950F42CA,1
A0FB414532595486,1
33C14751081BD165,1
71FDAB8F13A0BEBC,0
655E8CFF735D342C,0
161ACE8D971213E1,1
2E65620B9E5B4E3D,1
485C6112DE4E231B,0
DC2482AC4CE20B54,1
4194DA330FFF33E2,1
F52A7AD4473FC31E,0
3A8FF5C5AF2B88D4,0
E9200FE3C26756BA,0
1BED2D1648AF4544,1
D434C5721B715F19,0
F56A2C7FC84E8567,0
9180AFAD71404095,0
E9249D8B7A895471,1
23110E1496F53316,0
24D910CC6A3FDE64,1
8764DE5CCEC51A86,0
313C3F0D27D6FFC1,1
4BCB58D59EA14CCC,0
73F2B6A5CC81DC66,0
480D2C5DDBAC9EC0,1
7F1DA761013F746D,0
9E33C68863ABBA48,0
9ECECBFFE28EBDAD,0
16EC943211D31096,0
E20C2FAEE4085C98,0
3DCAA4235C41F668,0
35E9A6E9DC57AC4D,0
736C27609064A14D,0
21E5B52297C2794C,0
1359B4A426BC643C,0
1CF8EB72CD29C51A,0
DD7F836DD9D60E81,1
E687620807F03A2B,0
0D10F202557A84E6,0
F511C94EA03356BB,0
61D6CC64DB059E44,0
56E5D8B9AF9630FE,1
B44837B17CB4CCC1,0
BA406BFD18B5347A,0
A05CF1436A5C6F47,1
6B4B40A19528AEBA,1
3BCC9D4CE6B1D14D,0
1E41E75A03762DC6,0
C3AC2DA1B5233DA7,0
901FD39E0C2A3EC6,1
4C94F8E6E048CD35,1
CA32028F46EB6AB1,0
402EBD2FA0EC383B,0
D7EF966D44856FFD,0
6561C35397AA4769,0
4E3139749D359F90,0
A93F6DCEA6EE28F3,0
D43FD58D71CADFE4,0
9F2D0837D863077D,0
FB70DD5524B8E279,0
FEEA71BAC3931EB4,0
3A50E4F7D5CB10B1,0
F4EE418F776B6AB4,0
7BFE82E382C439D2,1
F6624FF42EACA7DB,0
8CB39F33473D3BE3,0
05CE12B1858C8FAD,0
1C17311FB9C41F18,0
2E3C57B8EA71EEBC,0
ABFA56A974759F24,0
13E3F49DD63D030C,0
022BF26E71F930C4,0
6488FBC3E8F3AC95,0
20F7B841796BF271,0
14DCC3F315CFD754,0
543616444948CCEF,1
12424D7AB734DB60,0
8ED942BD7EDB1E28,0
CE26889DD2617DE5,1
DBA56FB7E93E3DB0,0
E6EE885F241E9725,0
D81B8933EA229AFA,0
C36BC5E3F086262D,0
30E07F8C89C383C1,0
7CEF4F8A065B5088,0
5703F8481BC53646,1
65051BB8608DB508,0
E049F1FD0B07FE93,1
83C84E49FDAC7F4E,1
82DE556B0C73AAA9,0
717BE03E0F1F5FF5,1
6F25D8D2A2143922,0
D2EC3DC0ADB37473,1
2D53D76B24FFF030,0
F709FD1C379AEC9C,0
70DC6BBED64D3E9A,0
78A8F15ABF42306E,1
F4320845EE3CD204,0
E925FF7969F80E09,0
3C99AF4C6FDCB3AC,1
E75D04820602D8B5,0
7CD4AEFCBE103AAF,0
15DAFDCE86C6AB7E,0
4B41156D04919457,0
10DBC43D8BCB80DB,0
804992D9F2F91DBE,0
7E04250DB7D63754,0
A4209214AD09C118,1
00310769938BC172,0
3281F4B3797C701A,0
F98E35AEA55F956D,0
14EE65AD0EB4899A,0
D86E40B5CC29D84A,0
30184BEE035FA2CA,0
7D027A23242025D6,0
B28CB4519E3010F0,0
FB47C5E887585633,0
9B13C972C7FF172E,1
9BC2697EA3C70795,0
BBCD1FB657D0A6BC,0
996F284252D5C71F,0
CB01D46FB6C5BEDA,0
7590966D186BB2EE,0
CBDCDF0CB2C0FF25,0
09A1ACACE1E0DC8D,1
0130A6254E5DFD05,0
7780538EA4C7ED6A,1
B6C9C12A9EBECEE9,0
76D278D6FB0AE7FF,0
A60F743BA729B7CB,0
BD4A7F598021AA84,0
2656C50F83F50584,0
16733C57F8942F46,1
2035F7B7DA4CCAF5,0
E56342823084E672,0
816976077FCE4D49,0
8DE0D010637C968D,0
ACFCFDCD8912AF49,0
0228778D98151DEF,0
83D8EF5F1E3420FF,0
B203A32E34ACEDA3,0
E081AD980CFEF8BB,1
3F322E28204D04E5,0
29A22AEA6CFCA0ED,0
BE76D1C52595F69A,1
1E0D40D2C11B059C,1
901F90FC4CD84D3C,0
0535275A7224EE9F,0
6446C5F4EC90EB59,0
00AD928256643FB3,0
26AD1D67472045BB,0
2E07FDD15C37A39F,0
009E8FC00892ACD6,0
A9C08E3FAA17861C,0
5EDBA589FCE97C3D,0
FCF2D4DACB3E3F29,1
5C5EE89B6070D63F,0
5ECB9F2963CF8416,0
476C06AFF363D5DF,0
90265ED35A04EDDA,0
45CBFFE1B47FC288,0
C70D780D8201BCE4,0
2520109AF6552D7B,1
36D7D60346F27FFC,0
9C3C7F0DAE373119,1
E171F00C405311D5,0
4F4B06E839AED2D9,0
61161DB808F3F475,1
190460793A343C58,0
4A22D7DE2D5997D9,1
D17CA74344FE2D71,0
DA4C41C3443C4E1E,1
6B0A04249F4EC2DA,0
463AF40CA4D7DB51,0
65A8709031E36794,0
E51B645E8C6F31A3,1
CE5053607CE0B4F6,0
398995127404951B,1
7B0AEA66F81B8179,0
8FA825720F1DB6D2,1
FD1030E8ED5FEC88,1
091894CFEE96814B,0
3D8715F9A504D236,0
047DA3445A431EFF,0
F822DDD6568AAB2E,0
A1FD4A6F2FC6D037,0
FC4F91441075C4AD,0
C839A02F9D385E3D,0
C4C8ADF6E5D5206B,0
FC500D9EB1918055,0
F9BEED4C72A103A0,0
5E0499D2D0FB8F5F,0
DE688129248E47EF,0
F2BAAC607452B2B8,0
EEBE2D01620505E5,0
6168BDC859D63BED,0
9D36480468D432BD,0
5DB47220C561E977,1
458ADDAA4AEA1B05,1
DFC5D9E25BC271C5,0
89390987704BDB3D,0
7A3967211AAE7F8B,0
C75C86ABA340E68C,0
2A2946707CDD7E33,0
8E18878DA9CCC821,0
25C69DF6BFED5A62,0
14C34F3F9E22D8D9,0
C140D4C086918BDE,0
7DCA84FAA651BD25,0
8D22E7BF405A4EDD,0
85000E0BCCDDC9BA,0
D2BDA085C9CA8E1D,0
C82345193FB4C9DF,0
492FD0C60579155D,0
EAEC089EEDA7480B,0
D7817017ED42474A,0
D0DBCA8CBE434953,0
54194D9308B7B833,0
CB85CD6F0C285266,0
03F525C29999A6E5,0
E9EB2DD20ECF0C48,0
1429C555CC2C949F,0
944EC76F32537D48,0
395D4FC0EECA7A3A,0
948F64A9E4AB384E,0
8B450646D6968516,0
2B233096D3E9C717,0
7B889A72E6818187,0
FF89BD531C1FB7F9,0
54EF6FBAAEBCBEC7,0
304F9EE1CDADFAB2,0
8C6AF6E5452F86B9,0
A61A56B7BF438E55,0
4898CEFF8B76BC01,0
3883D1FAAFC65ACE,0
B3288FEDAD155676,0
429FFE88EFFE1A3E,1
7D7A583BB2FDF739,0
9A48D284E2AF6BFD,0
B5D21216DB109859,0
F768659E73AC416F,0
46CF5C35A647BCE5,1
4E51AAC6B4610E1A,0
50942F3E862D51BB,0
E7851DA1B488C699,0
4A7249F32D664294,0
C14B36F54A30E175,0
134689DC35200DBC,0
535EAAF33CA23ED0,0
A19FAF8E09BD9FDA,1
ACB0991D1720E718,0
013DB71088637BC7,0
5C8E6985EC87C4F5,0
448A19FCC0489779,0
ED321F58DD9BBB8E,0
9F2CBBEECCFDC61E,0
9B334CD3C90504FA,0
547A1327A1DA3AB5,0
ABD3DAC72EE82B2E,0
DAD55CDE0663F3A1,0
263B4AAD74524FBB,0
A6EA91B8CFC1639E,0
36B1A82AE341F48A,0
7FE1A5492D5225CD,0
49A86404927185D5,0
EC1EB68CF2D01983,0
1AF527F735642096,0
ED35B5FAE5969EBC,0
205C24FA92341033,0
7DE4E83846F46C3C,0
AC29B3D84916EDBA,0
9C13EBB653ADB7AB,0
47A1FC336E1F97E9,0
57FDC1D6AFF1094C,1
6F05F97E285FD37D,0
3E3C6CA6E683FDC1,1
A5B49B90CA8048AC,0
0EAB44AFC983F3C9,1
7CE3E7C4BB30A999,1
6DB0C799A69E03CC,1
0B11948B0F57B57A,0
09F05C057B19DAA6,1
8B7BA51232F495BB,1
98126AFC79733886,0
7C9281317A7C72AA,1
14A41B3E638D8E26,0
4019C49A3788C85B,0
817861AAAF52BFA7,1
74552A7883792175,1
B6BED3F1A7D4CAB3,0
7E66E52C83850B91,0
7964AD425C79F714,0
9747A88CBE096CCF,1
665CF2F76F055D05,0
065C510841FF26D3,1
09AD3192B3ADF707,1
2F65443FF67806B7,1
94A612303FA74ADC,1
3108B9AB948D18B0,1
52931131D1ECBED9,1
E1DA1C5352471062,0
AA44F5D84D84A044,1
E9480CEE6CC8F0AB,1
0BFDEFE8D5B5416C,1
B627A1BE67C5F96E,1
4D46ECFD2DAD6BEB,1
45B53584FC6478CF,1
5AC011098D8B7030,1
0F1BF3883DE1EF78,1
2355056A7A370A50,0
9FEA7D6C9E1111F0,1
C25D489463A50E49,1
3FFC6C014207D076,1
381DA1CE69B2ACAB,0
AAFDC004128C0B81,0
76E9A2D98401634F,0
9964039C49F7E388,0
2B0110D925099102,1
51B1D82829FE7613,0
58729C9CFC58C177,0
EE47D15F229AB4A0,0
1C5A77B65AFD915E,0
AC6BDC405AAB8E9D,0
8F519512E1AFA7AE,0
14524483244CB5E0,0
27925DF4CFA3D23B,0
44B0A0EC76622C82,0
00DD54017F1DE2D5,1
2FB276FA11D44238,0
EBE7A8459E916E8E,1
B95C71CC0C08F201,0
F8377A34D0B535BF,0
4703925B81BF11E9,0
1C5FB7B44DCB65C1,0
C0457837783675AA,0
451B652C368C90B7,1
7B7A176E89EDC323,0
3DA7856192FD97ED,0
74154EEF35FBAF9C,0
C476F2587FA8AA82,0
2D7ED834B7A14FAC,0
6D133ED652DEA865,0
7F25BE6D01BEF5A7,0
9CD2209A2FF498CA,0
B0DA7B94A01BA126,0
BEE1839096CE93BC,0
4BA9B3B4ABC09AA3,0
ED661BAD344B19F3,0
0E01F0243C786857,0
A1D89F02DDAFB987,0
AA84CF6BC62FF5F0,0
06389BACC59498C6,0
9DC07ED49D897A9E,0
2E3FFEAD95F3E157,0
A9BD7D28DA3DDB57,0
F9A5FCB531046EBF,0
80108DDD7E5DF015,0
8540ADEC9388C52C,0
715FA0B52AA05615,0
E05CBD59976CC74E,0
A586ADF1047E3721,0
B35F5BA1FDCA077A,0
0D026DEA734C089A,0
66528A5EE25FDF7B,0
E1E1EA0FE949B2AA,0
89459C7A977AC92F,0
D695B224BB01C0C2,1
5E1AEBD61A79A69F,0
E1BA4B45DDB327E1,0
D4558C30182B0913,0
7D65E98ED8E48D6A,0
DBC2E20F5F8D15F1,0
136EB932E3284D25,0
F2A6565436703838,1
B58503106466138E,0
CA265CF318850769,1
E9AB91AA3F009458,1
7AC1BDA77F05D3C0,0
4C770FBADB8C842C,1
AE2F61A501CB80B5,0
801BE0FFDAE36327,1
D08623C92ECE0CCF,1
6BD85D38DD1F03C5,1
D28512994C75B361,1
CCA50E6C4E6EE9B9,0
3A69C52D2F4030BD,0
41E4A8AECE47E5F3,0
23AF077C0A1A9F31,1
64C0394F4088D49B,1
DDC13BA8E97BD366,1
8FD1505DA545ECDC,1
DA2B51367E5A9340,1
079A628F1FCF04F1,1
E92F1E0957D58505,0
6B50A0007EDACFCA,1
89211E3E661FA3FD,0
C94CE5BCC4541707,1
9F213CCB6B431D16,0
5B593A92938DABC0,0
59300C5E32A69FDE,0
5192B17295C20B39,1
397C6164CD193BA5,1
A2D9FEA97E987341,1
6F6BC47DF414D039,1
D7A2139CEF160624,0
AD90335944D50F3E,1
7BB6843ABA801E1D,0
60ADAAE50742046B,0
B78557723786DDD8,1
378AE4191706D5DB,1
608D9574B3906F86,0
C545644DB59EDF15,0
CD0CB218C2315AF5,1
69EE8230D4D15F4F,1
F840C1C3B96D6E47,1
774482C229C27EC2,1
0D6AB202E18651A7,1
E6131A16B05D86B9,1
819CA64DC5BFDB56,0
3EEB45E5678615BF,1
2389C7AA5E177DD2,1
45B1F4C991F6D9CC,1
DFF903D9637C67C7,0
307D61EB9DD293AF,0
D513394298C9268D,0
A0BF79F497482351,0
9F528C4A8263677B,0
11DA1E50FDA720A6,0
8E1F320CCEDB8EE6,0
D72DC346584CFDEA,0
2703354E9BBBE9F8,0
DFB9E0C706D2FAC3,0
82CD33152ECDACD6,0
CDC34E645919BEC7,0
D64BED6BD5A8ADA4,0
43AE0E8C3C88A7A5,0
13385FD0BD04547C,0
0FF01A9DE066B432,0
0DB4D3FE4578F663,0
22EE2C6125DD30D9,0
61D64738157C3D8C,0
A87C4D7644C71E79,0
D5F32ED3B9E4FB19,0
1229381D5170B964,0
7B29E9CCD04C6D8E,0
52AE18F2E63AB0A7,0
E8A6680C117D7FDA,0
930122EFBE6186AD,0
D9799880499FC7A3,0
0A1E09E2606EBE9E,1
8559C693559971A6,1
F1B57622BF25E403,0
371DAFEA6E197898,1
0523AB02CC0FBD67,0
FDABA5EF7EEBA9CD,0
9E699FC7D8AD656B,0
253E794183EC783C,0
06AAB8E10EC62B01,0
389A724C9F18EC4E,0
5AAB21BD9A462856,0
CD06E972A9F3CEB6,0
27C8259052C64655,0
BC05721D4D0DA796,0
615CFBBC45EA2964,0
FF2A65F9863B60E0,0
F770A718DAE7BF96,0
F6F0CCA047E59D9E,0
8041425D0BBD5275,0
0D231B13DC344325,0
BC0408BE85056AD4,0
1552CA90039818BA,0
8AE541A0A6D307AD,0
BB565F592BDA854D,0
4E051E9A8AFC0DD0,0
89511CDAB5BB4913,0
CDE82274A7ECA672,0
5558768A19EE7AD1,0
DD85B069FBFA2135,0
4FFDDD7D0E0C09EE,1
63A6126CB1DD5168,0
86C7E17600432E0F,0
B406A1A62BC80458,0
E09380F43DC2788B,1
79E579A00EFA76C7,0
F382E0F62A1FAD55,0
AED179D216C3F4EA,0
AA52237602687543,0
8DBF99A71BC55BA6,0
67CB73E90E23509F,1
8BCB5CFC6219FDC3,0
137273EDB81EDAC5,0
6441C227ADE21A18,0
F4406464DAB56B3F,0
3B21321E53793815,0
6371AB0C11CEFB94,0
82FF259171E3784C,0
D82C7951F71A2E5E,0
033530772F6C9907,0
323739AEE61418EC,0
991027E361B8EDCB,0
DF195BB2CA0DBE8A,0
E3566573C7765CC7,0
31DB6695C76C8D4E,0
70EE0C415C32E35E,0
941A50E971FF5965,0
2810F2E2A9641A4F,0
3A42D7210A9D191F,0
F143210A11A35439,0
CFBD4E51AFB5974B,0
5C5DCF9C81296C1B,0
3A5E09DEDCA7E9C3,0
7F1CF31027031519,0
F5F11AC8DFD23054,0
6D510FB9BB286458,1
1CEA7F7BCF9F9E8C,0
75FD51FFDB89CACE,0
04C49D062F6ABF23,0
4E8F6367B4CA2409,1
EA7E950FC184D2B3,0
3FE10ACAB2534B7E,0
2ECDA59F7E12BC64,0
722E4DF9A1F3BBAA,0
6D3917A2616C9D72,0
10FC9481F5B6832D,0
8952F4D7928F66C8,0
599A4EDD458809E5,0
C3E505D7CEEF8B3A,0
E0CD26424A238812,0
097E68FBBF941CDD,1
800FDEAEC6801AE4,0
48A8B8DD35D075D2,0
B228E740A88F6300,0
4E277D9BD4E6AB87,1
10FC840E9D4B968B,1
29D5B6D27F9BEDB8,0
2EFB4B90050E4E96,0
5D56BE6982512505,0
B1F8546CDDFBD826,0
4F188B7428DAAEE6,0
3309540D9597BF32,0
4493C9B68D39A515,1
9B65F0D6CC582C28,1
6DC7F92D1DFDF3CD,1
ECE867B74B0C63F6,0
9B1816C6F292A688,0
A1651C5E2B2EFDE5,1
BE8E548CB7D8F735,1
8004559BB911BC54,0
7781E0D4024CBA39,0
047E64446AC62B89,1
C3901B17C77B9218,1
704A7482A2EB2DC1,1
1841D901FF340457,1
5EAF4F96117368D0,1
55840C1E256801FE,1
48FCEEB48B300D82,1
2E45048C6F3AF8B9,0
CFE67E469D28DF0B,1
6D929D651A478022,1
F4846D799F69FF14,0
443B7F595FCE8A90,1
23692287255F5886,1
25E4ADBCAA89075B,0
B46CD06F4787152B,1
D29034640456F251,0
D11A8060E6F9DB23,0
4DDE329F4B4B1EF5,1
BE2E0448B5EB1FED,0
0D474601FC480CAE,0
0D97C296C9C869CC,0
611D8B7ACA7D1922,1
C57C0B44300D7AAC,0
52CF67DFC2049C89,0
8AF7A501C0A73906,0
7D32E6B3EC2BB210,0
3DBD82E0A93475E9,0
9A7D183150E7D4AC,1
80607ADDE42C78DF,0
ADFF6D2748EB3B09,0
8112F825699747CA,1
84F223BC07AE5A58,0
85173FFE351D533E,0
3E260437BD0E1906,0
6968FEB86A4A9F47,0
E18621B221FD6438,0
D3DBE9326BA69011,0
4446D17E93038409,1
5E1C4461BC135745,0
0507C0E6649E637C,0
2CB5C631D0BE5241,0
193FE069CEA9AD06,0
0241065EA111174C,0
